Country Name,Country ISO3,Year,Indicator Name,Indicator Code,Value
Aruba,ABW,2018,Agricultural land (sq. km),AG.LND.AGRI.K2,20.0
Aruba,ABW,2017,Agricultural land (sq. km),AG.LND.AGRI.K2,20.0
Aruba,ABW,2016,Agricultural land (sq. km),AG.LND.AGRI.K2,20.0
Aruba,ABW,2015,Agricultural land (sq. km),AG.LND.AGRI.K2,20.0
Aruba,ABW,2014,Agricultural land (sq. km),AG.LND.AGRI.K2,20.0
Aruba,ABW,2013,Agricultural land (sq. km),AG.LND.AGRI.K2,20.0
Aruba,ABW,2012,Agricultural land (sq. km),AG.LND.AGRI.K2,20.0
Aruba,ABW,2011,Agricultural land (sq. km),AG.LND.AGRI.K2,20.0
Aruba,ABW,2010,Agricultural land (sq. km),AG.LND.AGRI.K2,20.0
Aruba,ABW,2009,Agricultural land (sq. km),AG.LND.AGRI.K2,20.0
Aruba,ABW,2008,Agricultural land (sq. km),AG.LND.AGRI.K2,20.0
Aruba,ABW,2007,Agricultural land (sq. km),AG.LND.AGRI.K2,20.0
Aruba,ABW,2006,Agricultural land (sq. km),AG.LND.AGRI.K2,20.0
Aruba,ABW,2005,Agricultural land (sq. km),AG.LND.AGRI.K2,20.0
Aruba,ABW,2004,Agricultural land (sq. km),AG.LND.AGRI.K2,20.0
Aruba,ABW,2003,Agricultural land (sq. km),AG.LND.AGRI.K2,20.0
Aruba,ABW,2002,Agricultural land (sq. km),AG.LND.AGRI.K2,20.0
Aruba,ABW,2001,Agricultural land (sq. km),AG.LND.AGRI.K2,20.0
Aruba,ABW,2000,Agricultural land (sq. km),AG.LND.AGRI.K2,20.0
Aruba,ABW,1999,Agricultural land (sq. km),AG.LND.AGRI.K2,20.0
Aruba,ABW,1998,Agricultural land (sq. km),AG.LND.AGRI.K2,20.0
Aruba,ABW,1997,Agricultural land (sq. km),AG.LND.AGRI.K2,20.0
Aruba,ABW,1996,Agricultural land (sq. km),AG.LND.AGRI.K2,20.0
Aruba,ABW,1995,Agricultural land (sq. km),AG.LND.AGRI.K2,20.0
Aruba,ABW,1994,Agricultural land (sq. km),AG.LND.AGRI.K2,20.0
Aruba,ABW,1993,Agricultural land (sq. km),AG.LND.AGRI.K2,20.0
Aruba,ABW,1992,Agricultural land (sq. km),AG.LND.AGRI.K2,20.0
Aruba,ABW,1991,Agricultural land (sq. km),AG.LND.AGRI.K2,20.0
Aruba,ABW,1990,Agricultural land (sq. km),AG.LND.AGRI.K2,20.0
Aruba,ABW,1989,Agricultural land (sq. km),AG.LND.AGRI.K2,20.0
Aruba,ABW,1988,Agricultural land (sq. km),AG.LND.AGRI.K2,20.0
Aruba,ABW,1987,Agricultural land (sq. km),AG.LND.AGRI.K2,20.0
Aruba,ABW,1986,Agricultural land (sq. km),AG.LND.AGRI.K2,20.0
Aruba,ABW,1985,Agricultural land (sq. km),AG.LND.AGRI.K2,20.0
Aruba,ABW,1984,Agricultural land (sq. km),AG.LND.AGRI.K2,20.0
Aruba,ABW,1983,Agricultural land (sq. km),AG.LND.AGRI.K2,20.0
Aruba,ABW,1982,Agricultural land (sq. km),AG.LND.AGRI.K2,20.0
Aruba,ABW,1981,Agricultural land (sq. km),AG.LND.AGRI.K2,20.0
Aruba,ABW,1980,Agricultural land (sq. km),AG.LND.AGRI.K2,20.0
Aruba,ABW,1979,Agricultural land (sq. km),AG.LND.AGRI.K2,20.0
Aruba,ABW,1978,Agricultural land (sq. km),AG.LND.AGRI.K2,20.0
Aruba,ABW,1977,Agricultural land (sq. km),AG.LND.AGRI.K2,20.0
Aruba,ABW,1976,Agricultural land (sq. km),AG.LND.AGRI.K2,20.0
Aruba,ABW,1975,Agricultural land (sq. km),AG.LND.AGRI.K2,20.0
Aruba,ABW,1974,Agricultural land (sq. km),AG.LND.AGRI.K2,20.0
Aruba,ABW,1973,Agricultural land (sq. km),AG.LND.AGRI.K2,20.0
Aruba,ABW,1972,Agricultural land (sq. km),AG.LND.AGRI.K2,20.0
Aruba,ABW,1971,Agricultural land (sq. km),AG.LND.AGRI.K2,20.0
Aruba,ABW,1970,Agricultural land (sq. km),AG.LND.AGRI.K2,20.0
Aruba,ABW,1969,Agricultural land (sq. km),AG.LND.AGRI.K2,20.0
Aruba,ABW,1968,Agricultural land (sq. km),AG.LND.AGRI.K2,20.0
Aruba,ABW,1967,Agricultural land (sq. km),AG.LND.AGRI.K2,20.0
Aruba,ABW,1966,Agricultural land (sq. km),AG.LND.AGRI.K2,20.0
Aruba,ABW,1965,Agricultural land (sq. km),AG.LND.AGRI.K2,20.0
Aruba,ABW,1964,Agricultural land (sq. km),AG.LND.AGRI.K2,20.0
Aruba,ABW,1963,Agricultural land (sq. km),AG.LND.AGRI.K2,20.0
Aruba,ABW,1962,Agricultural land (sq. km),AG.LND.AGRI.K2,20.0
Aruba,ABW,1961,Agricultural land (sq. km),AG.LND.AGRI.K2,20.0
Aruba,ABW,2021,Agricultural land (% of land area),AG.LND.AGRI.ZS,11.1111111111111
Aruba,ABW,2020,Agricultural land (% of land area),AG.LND.AGRI.ZS,11.1111111111111
Aruba,ABW,2019,Agricultural land (% of land area),AG.LND.AGRI.ZS,11.1111111111111
Aruba,ABW,2018,Agricultural land (% of land area),AG.LND.AGRI.ZS,11.1111111111111
Aruba,ABW,2017,Agricultural land (% of land area),AG.LND.AGRI.ZS,11.1111111111111
Aruba,ABW,2016,Agricultural land (% of land area),AG.LND.AGRI.ZS,11.1111111111111
Aruba,ABW,2015,Agricultural land (% of land area),AG.LND.AGRI.ZS,11.1111111111111
Aruba,ABW,2014,Agricultural land (% of land area),AG.LND.AGRI.ZS,11.1111111111111
Aruba,ABW,2013,Agricultural land (% of land area),AG.LND.AGRI.ZS,11.1111111111111
Aruba,ABW,2012,Agricultural land (% of land area),AG.LND.AGRI.ZS,11.1111111111111
Aruba,ABW,2011,Agricultural land (% of land area),AG.LND.AGRI.ZS,11.1111111111111
Aruba,ABW,2010,Agricultural land (% of land area),AG.LND.AGRI.ZS,11.1111111111111
Aruba,ABW,2009,Agricultural land (% of land area),AG.LND.AGRI.ZS,11.1111111111111
Aruba,ABW,2008,Agricultural land (% of land area),AG.LND.AGRI.ZS,11.1111111111111
Aruba,ABW,2007,Agricultural land (% of land area),AG.LND.AGRI.ZS,11.1111111111111
Aruba,ABW,2006,Agricultural land (% of land area),AG.LND.AGRI.ZS,11.1111111111111
Aruba,ABW,2005,Agricultural land (% of land area),AG.LND.AGRI.ZS,11.1111111111111
Aruba,ABW,2004,Agricultural land (% of land area),AG.LND.AGRI.ZS,11.1111111111111
Aruba,ABW,2003,Agricultural land (% of land area),AG.LND.AGRI.ZS,11.1111111111111
Aruba,ABW,2002,Agricultural land (% of land area),AG.LND.AGRI.ZS,11.1111111111111
Aruba,ABW,2001,Agricultural land (% of land area),AG.LND.AGRI.ZS,11.1111111111111
Aruba,ABW,2000,Agricultural land (% of land area),AG.LND.AGRI.ZS,11.1111111111111
Aruba,ABW,1999,Agricultural land (% of land area),AG.LND.AGRI.ZS,11.1111111111111
Aruba,ABW,1998,Agricultural land (% of land area),AG.LND.AGRI.ZS,11.1111111111111
Aruba,ABW,1997,Agricultural land (% of land area),AG.LND.AGRI.ZS,11.1111111111111
Aruba,ABW,1996,Agricultural land (% of land area),AG.LND.AGRI.ZS,11.1111111111111
Aruba,ABW,1995,Agricultural land (% of land area),AG.LND.AGRI.ZS,11.1111111111111
Aruba,ABW,1994,Agricultural land (% of land area),AG.LND.AGRI.ZS,11.1111111111111
Aruba,ABW,1993,Agricultural land (% of land area),AG.LND.AGRI.ZS,11.1111111111111
Aruba,ABW,1992,Agricultural land (% of land area),AG.LND.AGRI.ZS,11.1111111111111
Aruba,ABW,1991,Agricultural land (% of land area),AG.LND.AGRI.ZS,11.1111111111111
Aruba,ABW,1990,Agricultural land (% of land area),AG.LND.AGRI.ZS,11.1111111111111
Aruba,ABW,1989,Agricultural land (% of land area),AG.LND.AGRI.ZS,11.1111111111111
Aruba,ABW,1988,Agricultural land (% of land area),AG.LND.AGRI.ZS,11.1111111111111
Aruba,ABW,1987,Agricultural land (% of land area),AG.LND.AGRI.ZS,11.1111111111111
Aruba,ABW,1986,Agricultural land (% of land area),AG.LND.AGRI.ZS,11.1111111111111
Aruba,ABW,1985,Agricultural land (% of land area),AG.LND.AGRI.ZS,11.1111111111111
Aruba,ABW,1984,Agricultural land (% of land area),AG.LND.AGRI.ZS,11.1111111111111
Aruba,ABW,1983,Agricultural land (% of land area),AG.LND.AGRI.ZS,11.1111111111111
Aruba,ABW,1982,Agricultural land (% of land area),AG.LND.AGRI.ZS,11.1111111111111
Aruba,ABW,1981,Agricultural land (% of land area),AG.LND.AGRI.ZS,11.1111111111111
Aruba,ABW,1980,Agricultural land (% of land area),AG.LND.AGRI.ZS,11.1111111111111
Aruba,ABW,1979,Agricultural land (% of land area),AG.LND.AGRI.ZS,11.1111111111111
Aruba,ABW,1978,Agricultural land (% of land area),AG.LND.AGRI.ZS,11.1111111111111
Aruba,ABW,1977,Agricultural land (% of land area),AG.LND.AGRI.ZS,11.1111111111111
Aruba,ABW,1976,Agricultural land (% of land area),AG.LND.AGRI.ZS,11.1111111111111
Aruba,ABW,1975,Agricultural land (% of land area),AG.LND.AGRI.ZS,11.1111111111111
Aruba,ABW,1974,Agricultural land (% of land area),AG.LND.AGRI.ZS,11.1111111111111
Aruba,ABW,1973,Agricultural land (% of land area),AG.LND.AGRI.ZS,11.1111111111111
Aruba,ABW,1972,Agricultural land (% of land area),AG.LND.AGRI.ZS,11.1111111111111
Aruba,ABW,1971,Agricultural land (% of land area),AG.LND.AGRI.ZS,11.1111111111111
Aruba,ABW,1970,Agricultural land (% of land area),AG.LND.AGRI.ZS,11.1111111111111
Aruba,ABW,1969,Agricultural land (% of land area),AG.LND.AGRI.ZS,11.1111111111111
Aruba,ABW,1968,Agricultural land (% of land area),AG.LND.AGRI.ZS,11.1111111111111
Aruba,ABW,1967,Agricultural land (% of land area),AG.LND.AGRI.ZS,11.1111111111111
Aruba,ABW,1966,Agricultural land (% of land area),AG.LND.AGRI.ZS,11.1111111111111
Aruba,ABW,1965,Agricultural land (% of land area),AG.LND.AGRI.ZS,11.1111111111111
Aruba,ABW,1964,Agricultural land (% of land area),AG.LND.AGRI.ZS,11.1111111111111
Aruba,ABW,1963,Agricultural land (% of land area),AG.LND.AGRI.ZS,11.1111111111111
Aruba,ABW,1962,Agricultural land (% of land area),AG.LND.AGRI.ZS,11.1111111111111
Aruba,ABW,1961,Agricultural land (% of land area),AG.LND.AGRI.ZS,11.1111111111111
Aruba,ABW,2021,Arable land (% of land area),AG.LND.ARBL.ZS,11.1111111111111
Aruba,ABW,2020,Arable land (% of land area),AG.LND.ARBL.ZS,11.1111111111111
Aruba,ABW,2019,Arable land (% of land area),AG.LND.ARBL.ZS,11.1111111111111
Aruba,ABW,2018,Arable land (% of land area),AG.LND.ARBL.ZS,11.1111111111111
Aruba,ABW,2017,Arable land (% of land area),AG.LND.ARBL.ZS,11.1111111111111
Aruba,ABW,2016,Arable land (% of land area),AG.LND.ARBL.ZS,11.1111111111111
Aruba,ABW,2015,Arable land (% of land area),AG.LND.ARBL.ZS,11.1111111111111
Aruba,ABW,2014,Arable land (% of land area),AG.LND.ARBL.ZS,11.1111111111111
Aruba,ABW,2013,Arable land (% of land area),AG.LND.ARBL.ZS,11.1111111111111
Aruba,ABW,2012,Arable land (% of land area),AG.LND.ARBL.ZS,11.1111111111111
Aruba,ABW,2011,Arable land (% of land area),AG.LND.ARBL.ZS,11.1111111111111
Aruba,ABW,2010,Arable land (% of land area),AG.LND.ARBL.ZS,11.1111111111111
Aruba,ABW,2009,Arable land (% of land area),AG.LND.ARBL.ZS,11.1111111111111
Aruba,ABW,2008,Arable land (% of land area),AG.LND.ARBL.ZS,11.1111111111111
Aruba,ABW,2007,Arable land (% of land area),AG.LND.ARBL.ZS,11.1111111111111
Aruba,ABW,2006,Arable land (% of land area),AG.LND.ARBL.ZS,11.1111111111111
Aruba,ABW,2005,Arable land (% of land area),AG.LND.ARBL.ZS,11.1111111111111
Aruba,ABW,2004,Arable land (% of land area),AG.LND.ARBL.ZS,11.1111111111111
Aruba,ABW,2003,Arable land (% of land area),AG.LND.ARBL.ZS,11.1111111111111
Aruba,ABW,2002,Arable land (% of land area),AG.LND.ARBL.ZS,11.1111111111111
Aruba,ABW,2001,Arable land (% of land area),AG.LND.ARBL.ZS,11.1111111111111
Aruba,ABW,2000,Arable land (% of land area),AG.LND.ARBL.ZS,11.1111111111111
Aruba,ABW,1999,Arable land (% of land area),AG.LND.ARBL.ZS,11.1111111111111
Aruba,ABW,1998,Arable land (% of land area),AG.LND.ARBL.ZS,11.1111111111111
Aruba,ABW,1997,Arable land (% of land area),AG.LND.ARBL.ZS,11.1111111111111
Aruba,ABW,1996,Arable land (% of land area),AG.LND.ARBL.ZS,11.1111111111111
Aruba,ABW,1995,Arable land (% of land area),AG.LND.ARBL.ZS,11.1111111111111
Aruba,ABW,1994,Arable land (% of land area),AG.LND.ARBL.ZS,11.1111111111111
Aruba,ABW,1993,Arable land (% of land area),AG.LND.ARBL.ZS,11.1111111111111
Aruba,ABW,1992,Arable land (% of land area),AG.LND.ARBL.ZS,11.1111111111111
Aruba,ABW,1991,Arable land (% of land area),AG.LND.ARBL.ZS,11.1111111111111
Aruba,ABW,1990,Arable land (% of land area),AG.LND.ARBL.ZS,11.1111111111111
Aruba,ABW,1989,Arable land (% of land area),AG.LND.ARBL.ZS,11.1111111111111
Aruba,ABW,1988,Arable land (% of land area),AG.LND.ARBL.ZS,11.1111111111111
Aruba,ABW,1987,Arable land (% of land area),AG.LND.ARBL.ZS,11.1111111111111
Aruba,ABW,1986,Arable land (% of land area),AG.LND.ARBL.ZS,11.1111111111111
Aruba,ABW,1985,Arable land (% of land area),AG.LND.ARBL.ZS,11.1111111111111
Aruba,ABW,1984,Arable land (% of land area),AG.LND.ARBL.ZS,11.1111111111111
Aruba,ABW,1983,Arable land (% of land area),AG.LND.ARBL.ZS,11.1111111111111
Aruba,ABW,1982,Arable land (% of land area),AG.LND.ARBL.ZS,11.1111111111111
Aruba,ABW,1981,Arable land (% of land area),AG.LND.ARBL.ZS,11.1111111111111
Aruba,ABW,1980,Arable land (% of land area),AG.LND.ARBL.ZS,11.1111111111111
Aruba,ABW,1979,Arable land (% of land area),AG.LND.ARBL.ZS,11.1111111111111
Aruba,ABW,1978,Arable land (% of land area),AG.LND.ARBL.ZS,11.1111111111111
Aruba,ABW,1977,Arable land (% of land area),AG.LND.ARBL.ZS,11.1111111111111
Aruba,ABW,1976,Arable land (% of land area),AG.LND.ARBL.ZS,11.1111111111111
Aruba,ABW,1975,Arable land (% of land area),AG.LND.ARBL.ZS,11.1111111111111
Aruba,ABW,1974,Arable land (% of land area),AG.LND.ARBL.ZS,11.1111111111111
Aruba,ABW,1973,Arable land (% of land area),AG.LND.ARBL.ZS,11.1111111111111
Aruba,ABW,1972,Arable land (% of land area),AG.LND.ARBL.ZS,11.1111111111111
Aruba,ABW,1971,Arable land (% of land area),AG.LND.ARBL.ZS,11.1111111111111
Aruba,ABW,1970,Arable land (% of land area),AG.LND.ARBL.ZS,11.1111111111111
Aruba,ABW,1969,Arable land (% of land area),AG.LND.ARBL.ZS,11.1111111111111
Aruba,ABW,1968,Arable land (% of land area),AG.LND.ARBL.ZS,11.1111111111111
Aruba,ABW,1967,Arable land (% of land area),AG.LND.ARBL.ZS,11.1111111111111
Aruba,ABW,1966,Arable land (% of land area),AG.LND.ARBL.ZS,11.1111111111111
Aruba,ABW,1965,Arable land (% of land area),AG.LND.ARBL.ZS,11.1111111111111
Aruba,ABW,1964,Arable land (% of land area),AG.LND.ARBL.ZS,11.1111111111111
Aruba,ABW,1963,Arable land (% of land area),AG.LND.ARBL.ZS,11.1111111111111
Aruba,ABW,1962,Arable land (% of land area),AG.LND.ARBL.ZS,11.1111111111111
Aruba,ABW,1961,Arable land (% of land area),AG.LND.ARBL.ZS,11.1111111111111
Aruba,ABW,2015,Rural land area where elevation is below 5 meters (sq. km),AG.LND.EL5M.RU.K2,11.3865661468
Aruba,ABW,2000,Rural land area where elevation is below 5 meters (sq. km),AG.LND.EL5M.RU.K2,11.9024392064
Aruba,ABW,1990,Rural land area where elevation is below 5 meters (sq. km),AG.LND.EL5M.RU.K2,12.7583818199
Aruba,ABW,2015,Rural land area where elevation is below 5 meters (% of total land area),AG.LND.EL5M.RU.ZS,6.25151750456935
Aruba,ABW,2000,Rural land area where elevation is below 5 meters (% of total land area),AG.LND.EL5M.RU.ZS,6.53474507473481
Aruba,ABW,1990,Rural land area where elevation is below 5 meters (% of total land area),AG.LND.EL5M.RU.ZS,7.00467957141944
Aruba,ABW,2015,Urban land area where elevation is below 5 meters (sq. km),AG.LND.EL5M.UR.K2,7.53031525528
Aruba,ABW,2000,Urban land area where elevation is below 5 meters (sq. km),AG.LND.EL5M.UR.K2,7.01444219565
Aruba,ABW,1990,Urban land area where elevation is below 5 meters (sq. km),AG.LND.EL5M.UR.K2,6.1584995822
Aruba,ABW,2015,Urban land area where elevation is below 5 meters (% of total land area),AG.LND.EL5M.UR.ZS,4.13433664077369
Aruba,ABW,2000,Urban land area where elevation is below 5 meters (% of total land area),AG.LND.EL5M.UR.ZS,3.85110907060032
Aruba,ABW,1990,Urban land area where elevation is below 5 meters (% of total land area),AG.LND.EL5M.UR.ZS,3.38117457393744
Aruba,ABW,2015,Land area where elevation is below 5 meters (% of total land area),AG.LND.EL5M.ZS,10.385854145343
Aruba,ABW,2000,Land area where elevation is below 5 meters (% of total land area),AG.LND.EL5M.ZS,10.3858541453351
Aruba,ABW,1990,Land area where elevation is below 5 meters (% of total land area),AG.LND.EL5M.ZS,10.3858541453569
Aruba,ABW,2021,Forest area (sq. km),AG.LND.FRST.K2,4.2
Aruba,ABW,2020,Forest area (sq. km),AG.LND.FRST.K2,4.2
Aruba,ABW,2019,Forest area (sq. km),AG.LND.FRST.K2,4.2
Aruba,ABW,2018,Forest area (sq. km),AG.LND.FRST.K2,4.2
Aruba,ABW,2017,Forest area (sq. km),AG.LND.FRST.K2,4.2
Aruba,ABW,2016,Forest area (sq. km),AG.LND.FRST.K2,4.2
Aruba,ABW,2015,Forest area (sq. km),AG.LND.FRST.K2,4.2
Aruba,ABW,2014,Forest area (sq. km),AG.LND.FRST.K2,4.2
Aruba,ABW,2013,Forest area (sq. km),AG.LND.FRST.K2,4.2
Aruba,ABW,2012,Forest area (sq. km),AG.LND.FRST.K2,4.2
Aruba,ABW,2011,Forest area (sq. km),AG.LND.FRST.K2,4.2
Aruba,ABW,2010,Forest area (sq. km),AG.LND.FRST.K2,4.2
Aruba,ABW,2009,Forest area (sq. km),AG.LND.FRST.K2,4.2
Aruba,ABW,2008,Forest area (sq. km),AG.LND.FRST.K2,4.2
Aruba,ABW,2007,Forest area (sq. km),AG.LND.FRST.K2,4.2
Aruba,ABW,2006,Forest area (sq. km),AG.LND.FRST.K2,4.2
Aruba,ABW,2005,Forest area (sq. km),AG.LND.FRST.K2,4.2
Aruba,ABW,2004,Forest area (sq. km),AG.LND.FRST.K2,4.2
Aruba,ABW,2003,Forest area (sq. km),AG.LND.FRST.K2,4.2
Aruba,ABW,2002,Forest area (sq. km),AG.LND.FRST.K2,4.2
Aruba,ABW,2001,Forest area (sq. km),AG.LND.FRST.K2,4.2
Aruba,ABW,2000,Forest area (sq. km),AG.LND.FRST.K2,4.2
Aruba,ABW,1999,Forest area (sq. km),AG.LND.FRST.K2,4.2
Aruba,ABW,1998,Forest area (sq. km),AG.LND.FRST.K2,4.2
Aruba,ABW,1997,Forest area (sq. km),AG.LND.FRST.K2,4.2
Aruba,ABW,1996,Forest area (sq. km),AG.LND.FRST.K2,4.2
Aruba,ABW,1995,Forest area (sq. km),AG.LND.FRST.K2,4.2
Aruba,ABW,1994,Forest area (sq. km),AG.LND.FRST.K2,4.2
Aruba,ABW,1993,Forest area (sq. km),AG.LND.FRST.K2,4.2
Aruba,ABW,1992,Forest area (sq. km),AG.LND.FRST.K2,4.2
Aruba,ABW,1991,Forest area (sq. km),AG.LND.FRST.K2,4.2
Aruba,ABW,1990,Forest area (sq. km),AG.LND.FRST.K2,4.2
Aruba,ABW,2021,Forest area (% of land area),AG.LND.FRST.ZS,2.33333333333333
Aruba,ABW,2020,Forest area (% of land area),AG.LND.FRST.ZS,2.33333333333333
Aruba,ABW,2019,Forest area (% of land area),AG.LND.FRST.ZS,2.33333333333333
Aruba,ABW,2018,Forest area (% of land area),AG.LND.FRST.ZS,2.33333333333333
Aruba,ABW,2017,Forest area (% of land area),AG.LND.FRST.ZS,2.33333333333333
Aruba,ABW,2016,Forest area (% of land area),AG.LND.FRST.ZS,2.33333333333333
Aruba,ABW,2015,Forest area (% of land area),AG.LND.FRST.ZS,2.33333333333333
Aruba,ABW,2014,Forest area (% of land area),AG.LND.FRST.ZS,2.33333333333333
Aruba,ABW,2013,Forest area (% of land area),AG.LND.FRST.ZS,2.33333333333333
Aruba,ABW,2012,Forest area (% of land area),AG.LND.FRST.ZS,2.33333333333333
Aruba,ABW,2011,Forest area (% of land area),AG.LND.FRST.ZS,2.33333333333333
Aruba,ABW,2010,Forest area (% of land area),AG.LND.FRST.ZS,2.33333333333333
Aruba,ABW,2009,Forest area (% of land area),AG.LND.FRST.ZS,2.33333333333333
Aruba,ABW,2008,Forest area (% of land area),AG.LND.FRST.ZS,2.33333333333333
Aruba,ABW,2007,Forest area (% of land area),AG.LND.FRST.ZS,2.33333333333333
Aruba,ABW,2006,Forest area (% of land area),AG.LND.FRST.ZS,2.33333333333333
Aruba,ABW,2005,Forest area (% of land area),AG.LND.FRST.ZS,2.33333333333333
Aruba,ABW,2004,Forest area (% of land area),AG.LND.FRST.ZS,2.33333333333333
Aruba,ABW,2003,Forest area (% of land area),AG.LND.FRST.ZS,2.33333333333333
Aruba,ABW,2002,Forest area (% of land area),AG.LND.FRST.ZS,2.33333333333333
Aruba,ABW,2001,Forest area (% of land area),AG.LND.FRST.ZS,2.33333333333333
Aruba,ABW,2000,Forest area (% of land area),AG.LND.FRST.ZS,2.33333333333333
Aruba,ABW,1999,Forest area (% of land area),AG.LND.FRST.ZS,2.33333333333333
Aruba,ABW,1998,Forest area (% of land area),AG.LND.FRST.ZS,2.33333333333333
Aruba,ABW,1997,Forest area (% of land area),AG.LND.FRST.ZS,2.33333333333333
Aruba,ABW,1996,Forest area (% of land area),AG.LND.FRST.ZS,2.33333333333333
Aruba,ABW,1995,Forest area (% of land area),AG.LND.FRST.ZS,2.33333333333333
Aruba,ABW,1994,Forest area (% of land area),AG.LND.FRST.ZS,2.33333333333333
Aruba,ABW,1993,Forest area (% of land area),AG.LND.FRST.ZS,2.33333333333333
Aruba,ABW,1992,Forest area (% of land area),AG.LND.FRST.ZS,2.33333333333333
Aruba,ABW,1991,Forest area (% of land area),AG.LND.FRST.ZS,2.33333333333333
Aruba,ABW,1990,Forest area (% of land area),AG.LND.FRST.ZS,2.33333333333333
Aruba,ABW,2022,"Foreign direct investment, net inflows (% of GDP)",BX.KLT.DINV.WD.GD.ZS,7.00058502573112
Aruba,ABW,2021,"Foreign direct investment, net inflows (% of GDP)",BX.KLT.DINV.WD.GD.ZS,4.30348689635655
Aruba,ABW,2020,"Foreign direct investment, net inflows (% of GDP)",BX.KLT.DINV.WD.GD.ZS,6.29436798220279
Aruba,ABW,2019,"Foreign direct investment, net inflows (% of GDP)",BX.KLT.DINV.WD.GD.ZS,-2.21528256776249
Aruba,ABW,2018,"Foreign direct investment, net inflows (% of GDP)",BX.KLT.DINV.WD.GD.ZS,4.39982167334802
Aruba,ABW,2017,"Foreign direct investment, net inflows (% of GDP)",BX.KLT.DINV.WD.GD.ZS,5.25337330818787
Aruba,ABW,2016,"Foreign direct investment, net inflows (% of GDP)",BX.KLT.DINV.WD.GD.ZS,0.92339797912293
Aruba,ABW,2015,"Foreign direct investment, net inflows (% of GDP)",BX.KLT.DINV.WD.GD.ZS,-0.907264204095974
Aruba,ABW,2014,"Foreign direct investment, net inflows (% of GDP)",BX.KLT.DINV.WD.GD.ZS,7.46525460335853
Aruba,ABW,2013,"Foreign direct investment, net inflows (% of GDP)",BX.KLT.DINV.WD.GD.ZS,9.97445509242156
Aruba,ABW,2012,"Foreign direct investment, net inflows (% of GDP)",BX.KLT.DINV.WD.GD.ZS,-12.0331802180755
Aruba,ABW,2011,"Foreign direct investment, net inflows (% of GDP)",BX.KLT.DINV.WD.GD.ZS,18.5057800383246
Aruba,ABW,2010,"Foreign direct investment, net inflows (% of GDP)",BX.KLT.DINV.WD.GD.ZS,7.61167220218679
Aruba,ABW,2009,"Foreign direct investment, net inflows (% of GDP)",BX.KLT.DINV.WD.GD.ZS,-0.41563759901472
Aruba,ABW,2008,"Foreign direct investment, net inflows (% of GDP)",BX.KLT.DINV.WD.GD.ZS,0.664175810874169
Aruba,ABW,2007,"Foreign direct investment, net inflows (% of GDP)",BX.KLT.DINV.WD.GD.ZS,-17.5903165005139
Aruba,ABW,2006,"Foreign direct investment, net inflows (% of GDP)",BX.KLT.DINV.WD.GD.ZS,8.92046662114826
Aruba,ABW,2005,"Foreign direct investment, net inflows (% of GDP)",BX.KLT.DINV.WD.GD.ZS,-8.80493563521364
Aruba,ABW,2004,"Foreign direct investment, net inflows (% of GDP)",BX.KLT.DINV.WD.GD.ZS,-4.68763897846137
Aruba,ABW,2003,"Foreign direct investment, net inflows (% of GDP)",BX.KLT.DINV.WD.GD.ZS,7.81642871198372
Aruba,ABW,2002,"Foreign direct investment, net inflows (% of GDP)",BX.KLT.DINV.WD.GD.ZS,16.9490560127574
Aruba,ABW,2001,"Foreign direct investment, net inflows (% of GDP)",BX.KLT.DINV.WD.GD.ZS,-14.0750555726085
Aruba,ABW,2000,"Foreign direct investment, net inflows (% of GDP)",BX.KLT.DINV.WD.GD.ZS,-6.8287271729666
Aruba,ABW,1999,"Foreign direct investment, net inflows (% of GDP)",BX.KLT.DINV.WD.GD.ZS,27.1368352788586
Aruba,ABW,1998,"Foreign direct investment, net inflows (% of GDP)",BX.KLT.DINV.WD.GD.ZS,6.81314994968132
Aruba,ABW,1997,"Foreign direct investment, net inflows (% of GDP)",BX.KLT.DINV.WD.GD.ZS,12.9139314369073
Aruba,ABW,1996,"Foreign direct investment, net inflows (% of GDP)",BX.KLT.DINV.WD.GD.ZS,6.16194331983806
Aruba,ABW,1995,"Foreign direct investment, net inflows (% of GDP)",BX.KLT.DINV.WD.GD.ZS,-0.418781725888325
Aruba,ABW,1994,"Foreign direct investment, net inflows (% of GDP)",BX.KLT.DINV.WD.GD.ZS,-5.8744394618834
Aruba,ABW,1993,"Foreign direct investment, net inflows (% of GDP)",BX.KLT.DINV.WD.GD.ZS,-1.65549252191851
Aruba,ABW,1992,"Foreign direct investment, net inflows (% of GDP)",BX.KLT.DINV.WD.GD.ZS,-3.85780885780886
Aruba,ABW,1991,"Foreign direct investment, net inflows (% of GDP)",BX.KLT.DINV.WD.GD.ZS,21.1851377322229
Aruba,ABW,1990,"Foreign direct investment, net inflows (% of GDP)",BX.KLT.DINV.WD.GD.ZS,17.063550036523
Aruba,ABW,1989,"Foreign direct investment, net inflows (% of GDP)",BX.KLT.DINV.WD.GD.ZS,0.186907630522088
Aruba,ABW,1988,"Foreign direct investment, net inflows (% of GDP)",BX.KLT.DINV.WD.GD.ZS,2.05548592827715
Aruba,ABW,1987,"Foreign direct investment, net inflows (% of GDP)",BX.KLT.DINV.WD.GD.ZS,0.223058133218786
Aruba,ABW,1986,"Foreign direct investment, net inflows (% of GDP)",BX.KLT.DINV.WD.GD.ZS,0.0
Aruba,ABW,2021,Access to electricity (% of population),EG.ELC.ACCS.ZS,100.0
Aruba,ABW,2020,Access to electricity (% of population),EG.ELC.ACCS.ZS,100.0
Aruba,ABW,2019,Access to electricity (% of population),EG.ELC.ACCS.ZS,100.0
Aruba,ABW,2018,Access to electricity (% of population),EG.ELC.ACCS.ZS,100.0
Aruba,ABW,2017,Access to electricity (% of population),EG.ELC.ACCS.ZS,100.0
Aruba,ABW,2016,Access to electricity (% of population),EG.ELC.ACCS.ZS,100.0
Aruba,ABW,2015,Access to electricity (% of population),EG.ELC.ACCS.ZS,100.0
Aruba,ABW,2014,Access to electricity (% of population),EG.ELC.ACCS.ZS,100.0
Aruba,ABW,2013,Access to electricity (% of population),EG.ELC.ACCS.ZS,100.0
Aruba,ABW,2012,Access to electricity (% of population),EG.ELC.ACCS.ZS,100.0
Aruba,ABW,2011,Access to electricity (% of population),EG.ELC.ACCS.ZS,100.0
Aruba,ABW,2010,Access to electricity (% of population),EG.ELC.ACCS.ZS,93.3562921509542
Aruba,ABW,2009,Access to electricity (% of population),EG.ELC.ACCS.ZS,100.0
Aruba,ABW,2008,Access to electricity (% of population),EG.ELC.ACCS.ZS,100.0
Aruba,ABW,2007,Access to electricity (% of population),EG.ELC.ACCS.ZS,100.0
Aruba,ABW,2006,Access to electricity (% of population),EG.ELC.ACCS.ZS,100.0
Aruba,ABW,2005,Access to electricity (% of population),EG.ELC.ACCS.ZS,100.0
Aruba,ABW,2004,Access to electricity (% of population),EG.ELC.ACCS.ZS,100.0
Aruba,ABW,2003,Access to electricity (% of population),EG.ELC.ACCS.ZS,100.0
Aruba,ABW,2002,Access to electricity (% of population),EG.ELC.ACCS.ZS,100.0
Aruba,ABW,2001,Access to electricity (% of population),EG.ELC.ACCS.ZS,100.0
Aruba,ABW,2000,Access to electricity (% of population),EG.ELC.ACCS.ZS,91.6603980031457
Aruba,ABW,1999,Access to electricity (% of population),EG.ELC.ACCS.ZS,100.0
Aruba,ABW,1998,Access to electricity (% of population),EG.ELC.ACCS.ZS,100.0
Aruba,ABW,1997,Access to electricity (% of population),EG.ELC.ACCS.ZS,100.0
Aruba,ABW,1996,Access to electricity (% of population),EG.ELC.ACCS.ZS,100.0
Aruba,ABW,1995,Access to electricity (% of population),EG.ELC.ACCS.ZS,100.0
Aruba,ABW,1994,Access to electricity (% of population),EG.ELC.ACCS.ZS,100.0
Aruba,ABW,1993,Access to electricity (% of population),EG.ELC.ACCS.ZS,99.2399139404297
Aruba,ABW,1992,Access to electricity (% of population),EG.ELC.ACCS.ZS,99.1971282958984
Aruba,ABW,1991,Access to electricity (% of population),EG.ELC.ACCS.ZS,99.1536560058594
Aruba,ABW,1990,Access to electricity (% of population),EG.ELC.ACCS.ZS,100.0
Aruba,ABW,2021,Renewable energy consumption (% of total final energy consumption),EG.FEC.RNEW.ZS,8.5
Aruba,ABW,2020,Renewable energy consumption (% of total final energy consumption),EG.FEC.RNEW.ZS,8.67
Aruba,ABW,2019,Renewable energy consumption (% of total final energy consumption),EG.FEC.RNEW.ZS,8.18
Aruba,ABW,2018,Renewable energy consumption (% of total final energy consumption),EG.FEC.RNEW.ZS,8.31
Aruba,ABW,2017,Renewable energy consumption (% of total final energy consumption),EG.FEC.RNEW.ZS,6.7
Aruba,ABW,2016,Renewable energy consumption (% of total final energy consumption),EG.FEC.RNEW.ZS,6.99
Aruba,ABW,2015,Renewable energy consumption (% of total final energy consumption),EG.FEC.RNEW.ZS,6.73
Aruba,ABW,2014,Renewable energy consumption (% of total final energy consumption),EG.FEC.RNEW.ZS,6.93
Aruba,ABW,2013,Renewable energy consumption (% of total final energy consumption),EG.FEC.RNEW.ZS,6.89
Aruba,ABW,2012,Renewable energy consumption (% of total final energy consumption),EG.FEC.RNEW.ZS,6.86
Aruba,ABW,2011,Renewable energy consumption (% of total final energy consumption),EG.FEC.RNEW.ZS,5.66
Aruba,ABW,2010,Renewable energy consumption (% of total final energy consumption),EG.FEC.RNEW.ZS,5.46
Aruba,ABW,2009,Renewable energy consumption (% of total final energy consumption),EG.FEC.RNEW.ZS,0.3
Aruba,ABW,2008,Renewable energy consumption (% of total final energy consumption),EG.FEC.RNEW.ZS,0.19
Aruba,ABW,2007,Renewable energy consumption (% of total final energy consumption),EG.FEC.RNEW.ZS,0.19
Aruba,ABW,2006,Renewable energy consumption (% of total final energy consumption),EG.FEC.RNEW.ZS,0.19
Aruba,ABW,2005,Renewable energy consumption (% of total final energy consumption),EG.FEC.RNEW.ZS,0.19
Aruba,ABW,2004,Renewable energy consumption (% of total final energy consumption),EG.FEC.RNEW.ZS,0.19
Aruba,ABW,2003,Renewable energy consumption (% of total final energy consumption),EG.FEC.RNEW.ZS,0.18
Aruba,ABW,2002,Renewable energy consumption (% of total final energy consumption),EG.FEC.RNEW.ZS,0.18
Aruba,ABW,2001,Renewable energy consumption (% of total final energy consumption),EG.FEC.RNEW.ZS,0.18
Aruba,ABW,2000,Renewable energy consumption (% of total final energy consumption),EG.FEC.RNEW.ZS,0.18
Aruba,ABW,1999,Renewable energy consumption (% of total final energy consumption),EG.FEC.RNEW.ZS,0.16
Aruba,ABW,1998,Renewable energy consumption (% of total final energy consumption),EG.FEC.RNEW.ZS,0.16
Aruba,ABW,1997,Renewable energy consumption (% of total final energy consumption),EG.FEC.RNEW.ZS,0.16
Aruba,ABW,1996,Renewable energy consumption (% of total final energy consumption),EG.FEC.RNEW.ZS,0.17
Aruba,ABW,1995,Renewable energy consumption (% of total final energy consumption),EG.FEC.RNEW.ZS,0.17
Aruba,ABW,1994,Renewable energy consumption (% of total final energy consumption),EG.FEC.RNEW.ZS,0.18
Aruba,ABW,1993,Renewable energy consumption (% of total final energy consumption),EG.FEC.RNEW.ZS,0.2
Aruba,ABW,1992,Renewable energy consumption (% of total final energy consumption),EG.FEC.RNEW.ZS,0.24
Aruba,ABW,1991,Renewable energy consumption (% of total final energy consumption),EG.FEC.RNEW.ZS,0.23
Aruba,ABW,1990,Renewable energy consumption (% of total final energy consumption),EG.FEC.RNEW.ZS,0.27
Aruba,ABW,2016,CO2 emissions from gaseous fuel consumption (kt),EN.ATM.CO2E.GF.KT,0.0
Aruba,ABW,2015,CO2 emissions from gaseous fuel consumption (kt),EN.ATM.CO2E.GF.KT,0.0
Aruba,ABW,2014,CO2 emissions from gaseous fuel consumption (kt),EN.ATM.CO2E.GF.KT,0.0
Aruba,ABW,2013,CO2 emissions from gaseous fuel consumption (kt),EN.ATM.CO2E.GF.KT,0.0
Aruba,ABW,2012,CO2 emissions from gaseous fuel consumption (kt),EN.ATM.CO2E.GF.KT,0.0
Aruba,ABW,2011,CO2 emissions from gaseous fuel consumption (kt),EN.ATM.CO2E.GF.KT,0.0
Aruba,ABW,2010,CO2 emissions from gaseous fuel consumption (kt),EN.ATM.CO2E.GF.KT,0.0
Aruba,ABW,2009,CO2 emissions from gaseous fuel consumption (kt),EN.ATM.CO2E.GF.KT,0.0
Aruba,ABW,2008,CO2 emissions from gaseous fuel consumption (kt),EN.ATM.CO2E.GF.KT,0.0
Aruba,ABW,2007,CO2 emissions from gaseous fuel consumption (kt),EN.ATM.CO2E.GF.KT,0.0
Aruba,ABW,2006,CO2 emissions from gaseous fuel consumption (kt),EN.ATM.CO2E.GF.KT,0.0
Aruba,ABW,2005,CO2 emissions from gaseous fuel consumption (kt),EN.ATM.CO2E.GF.KT,0.0
Aruba,ABW,2004,CO2 emissions from gaseous fuel consumption (kt),EN.ATM.CO2E.GF.KT,0.0
Aruba,ABW,2003,CO2 emissions from gaseous fuel consumption (kt),EN.ATM.CO2E.GF.KT,0.0
Aruba,ABW,2002,CO2 emissions from gaseous fuel consumption (kt),EN.ATM.CO2E.GF.KT,0.0
Aruba,ABW,2001,CO2 emissions from gaseous fuel consumption (kt),EN.ATM.CO2E.GF.KT,0.0
Aruba,ABW,2000,CO2 emissions from gaseous fuel consumption (kt),EN.ATM.CO2E.GF.KT,0.0
Aruba,ABW,1999,CO2 emissions from gaseous fuel consumption (kt),EN.ATM.CO2E.GF.KT,0.0
Aruba,ABW,1998,CO2 emissions from gaseous fuel consumption (kt),EN.ATM.CO2E.GF.KT,0.0
Aruba,ABW,1997,CO2 emissions from gaseous fuel consumption (kt),EN.ATM.CO2E.GF.KT,0.0
Aruba,ABW,1996,CO2 emissions from gaseous fuel consumption (kt),EN.ATM.CO2E.GF.KT,0.0
Aruba,ABW,1995,CO2 emissions from gaseous fuel consumption (kt),EN.ATM.CO2E.GF.KT,0.0
Aruba,ABW,1994,CO2 emissions from gaseous fuel consumption (kt),EN.ATM.CO2E.GF.KT,0.0
Aruba,ABW,1993,CO2 emissions from gaseous fuel consumption (kt),EN.ATM.CO2E.GF.KT,0.0
Aruba,ABW,1992,CO2 emissions from gaseous fuel consumption (kt),EN.ATM.CO2E.GF.KT,0.0
Aruba,ABW,1991,CO2 emissions from gaseous fuel consumption (kt),EN.ATM.CO2E.GF.KT,0.0
Aruba,ABW,1990,CO2 emissions from gaseous fuel consumption (kt),EN.ATM.CO2E.GF.KT,0.0
Aruba,ABW,1989,CO2 emissions from gaseous fuel consumption (kt),EN.ATM.CO2E.GF.KT,0.0
Aruba,ABW,1988,CO2 emissions from gaseous fuel consumption (kt),EN.ATM.CO2E.GF.KT,0.0
Aruba,ABW,1987,CO2 emissions from gaseous fuel consumption (kt),EN.ATM.CO2E.GF.KT,0.0
Aruba,ABW,1986,CO2 emissions from gaseous fuel consumption (kt),EN.ATM.CO2E.GF.KT,0.0
Aruba,ABW,1985,CO2 emissions from gaseous fuel consumption (kt),EN.ATM.CO2E.GF.KT,0.0
Aruba,ABW,1984,CO2 emissions from gaseous fuel consumption (kt),EN.ATM.CO2E.GF.KT,0.0
Aruba,ABW,1983,CO2 emissions from gaseous fuel consumption (kt),EN.ATM.CO2E.GF.KT,0.0
Aruba,ABW,1982,CO2 emissions from gaseous fuel consumption (kt),EN.ATM.CO2E.GF.KT,0.0
Aruba,ABW,1981,CO2 emissions from gaseous fuel consumption (kt),EN.ATM.CO2E.GF.KT,0.0
Aruba,ABW,1980,CO2 emissions from gaseous fuel consumption (kt),EN.ATM.CO2E.GF.KT,0.0
Aruba,ABW,1979,CO2 emissions from gaseous fuel consumption (kt),EN.ATM.CO2E.GF.KT,0.0
Aruba,ABW,1978,CO2 emissions from gaseous fuel consumption (kt),EN.ATM.CO2E.GF.KT,0.0
Aruba,ABW,1977,CO2 emissions from gaseous fuel consumption (kt),EN.ATM.CO2E.GF.KT,0.0
Aruba,ABW,1976,CO2 emissions from gaseous fuel consumption (kt),EN.ATM.CO2E.GF.KT,0.0
Aruba,ABW,1975,CO2 emissions from gaseous fuel consumption (kt),EN.ATM.CO2E.GF.KT,0.0
Aruba,ABW,1974,CO2 emissions from gaseous fuel consumption (kt),EN.ATM.CO2E.GF.KT,0.0
Aruba,ABW,1973,CO2 emissions from gaseous fuel consumption (kt),EN.ATM.CO2E.GF.KT,0.0
Aruba,ABW,1972,CO2 emissions from gaseous fuel consumption (kt),EN.ATM.CO2E.GF.KT,0.0
Aruba,ABW,1971,CO2 emissions from gaseous fuel consumption (kt),EN.ATM.CO2E.GF.KT,0.0
Aruba,ABW,1970,CO2 emissions from gaseous fuel consumption (kt),EN.ATM.CO2E.GF.KT,0.0
Aruba,ABW,1969,CO2 emissions from gaseous fuel consumption (kt),EN.ATM.CO2E.GF.KT,0.0
Aruba,ABW,1968,CO2 emissions from gaseous fuel consumption (kt),EN.ATM.CO2E.GF.KT,0.0
Aruba,ABW,1967,CO2 emissions from gaseous fuel consumption (kt),EN.ATM.CO2E.GF.KT,0.0
Aruba,ABW,1966,CO2 emissions from gaseous fuel consumption (kt),EN.ATM.CO2E.GF.KT,0.0
Aruba,ABW,1965,CO2 emissions from gaseous fuel consumption (kt),EN.ATM.CO2E.GF.KT,0.0
Aruba,ABW,1964,CO2 emissions from gaseous fuel consumption (kt),EN.ATM.CO2E.GF.KT,0.0
Aruba,ABW,1963,CO2 emissions from gaseous fuel consumption (kt),EN.ATM.CO2E.GF.KT,0.0
Aruba,ABW,1962,CO2 emissions from gaseous fuel consumption (kt),EN.ATM.CO2E.GF.KT,0.0
Aruba,ABW,1961,CO2 emissions from gaseous fuel consumption (kt),EN.ATM.CO2E.GF.KT,0.0
Aruba,ABW,1960,CO2 emissions from gaseous fuel consumption (kt),EN.ATM.CO2E.GF.KT,0.0
Aruba,ABW,1989,CO2 emissions from gaseous fuel consumption (% of total),EN.ATM.CO2E.GF.ZS,0.0
Aruba,ABW,1988,CO2 emissions from gaseous fuel consumption (% of total),EN.ATM.CO2E.GF.ZS,0.0
Aruba,ABW,1987,CO2 emissions from gaseous fuel consumption (% of total),EN.ATM.CO2E.GF.ZS,0.0
Aruba,ABW,1986,CO2 emissions from gaseous fuel consumption (% of total),EN.ATM.CO2E.GF.ZS,0.0
Aruba,ABW,1985,CO2 emissions from gaseous fuel consumption (% of total),EN.ATM.CO2E.GF.ZS,0.0
Aruba,ABW,1984,CO2 emissions from gaseous fuel consumption (% of total),EN.ATM.CO2E.GF.ZS,0.0
Aruba,ABW,1983,CO2 emissions from gaseous fuel consumption (% of total),EN.ATM.CO2E.GF.ZS,0.0
Aruba,ABW,1982,CO2 emissions from gaseous fuel consumption (% of total),EN.ATM.CO2E.GF.ZS,0.0
Aruba,ABW,1981,CO2 emissions from gaseous fuel consumption (% of total),EN.ATM.CO2E.GF.ZS,0.0
Aruba,ABW,1980,CO2 emissions from gaseous fuel consumption (% of total),EN.ATM.CO2E.GF.ZS,0.0
Aruba,ABW,1979,CO2 emissions from gaseous fuel consumption (% of total),EN.ATM.CO2E.GF.ZS,0.0
Aruba,ABW,1978,CO2 emissions from gaseous fuel consumption (% of total),EN.ATM.CO2E.GF.ZS,0.0
Aruba,ABW,1977,CO2 emissions from gaseous fuel consumption (% of total),EN.ATM.CO2E.GF.ZS,0.0
Aruba,ABW,1976,CO2 emissions from gaseous fuel consumption (% of total),EN.ATM.CO2E.GF.ZS,0.0
Aruba,ABW,1975,CO2 emissions from gaseous fuel consumption (% of total),EN.ATM.CO2E.GF.ZS,0.0
Aruba,ABW,1974,CO2 emissions from gaseous fuel consumption (% of total),EN.ATM.CO2E.GF.ZS,0.0
Aruba,ABW,1973,CO2 emissions from gaseous fuel consumption (% of total),EN.ATM.CO2E.GF.ZS,0.0
Aruba,ABW,1972,CO2 emissions from gaseous fuel consumption (% of total),EN.ATM.CO2E.GF.ZS,0.0
Aruba,ABW,1971,CO2 emissions from gaseous fuel consumption (% of total),EN.ATM.CO2E.GF.ZS,0.0
Aruba,ABW,1970,CO2 emissions from gaseous fuel consumption (% of total),EN.ATM.CO2E.GF.ZS,0.0
Aruba,ABW,1969,CO2 emissions from gaseous fuel consumption (% of total),EN.ATM.CO2E.GF.ZS,0.0
Aruba,ABW,1968,CO2 emissions from gaseous fuel consumption (% of total),EN.ATM.CO2E.GF.ZS,0.0
Aruba,ABW,1967,CO2 emissions from gaseous fuel consumption (% of total),EN.ATM.CO2E.GF.ZS,0.0
Aruba,ABW,1966,CO2 emissions from gaseous fuel consumption (% of total),EN.ATM.CO2E.GF.ZS,0.0
Aruba,ABW,1965,CO2 emissions from gaseous fuel consumption (% of total),EN.ATM.CO2E.GF.ZS,0.0
Aruba,ABW,1964,CO2 emissions from gaseous fuel consumption (% of total),EN.ATM.CO2E.GF.ZS,0.0
Aruba,ABW,1963,CO2 emissions from gaseous fuel consumption (% of total),EN.ATM.CO2E.GF.ZS,0.0
Aruba,ABW,1962,CO2 emissions from gaseous fuel consumption (% of total),EN.ATM.CO2E.GF.ZS,0.0
Aruba,ABW,1961,CO2 emissions from gaseous fuel consumption (% of total),EN.ATM.CO2E.GF.ZS,0.0
Aruba,ABW,1960,CO2 emissions from gaseous fuel consumption (% of total),EN.ATM.CO2E.GF.ZS,0.0
Aruba,ABW,2016,CO2 emissions from liquid fuel consumption (kt),EN.ATM.CO2E.LF.KT,883.747
Aruba,ABW,2015,CO2 emissions from liquid fuel consumption (kt),EN.ATM.CO2E.LF.KT,898.415
Aruba,ABW,2014,CO2 emissions from liquid fuel consumption (kt),EN.ATM.CO2E.LF.KT,872.746
Aruba,ABW,2013,CO2 emissions from liquid fuel consumption (kt),EN.ATM.CO2E.LF.KT,861.745
Aruba,ABW,2012,CO2 emissions from liquid fuel consumption (kt),EN.ATM.CO2E.LF.KT,1349.456
Aruba,ABW,2011,CO2 emissions from liquid fuel consumption (kt),EN.ATM.CO2E.LF.KT,2500.894
Aruba,ABW,2010,CO2 emissions from liquid fuel consumption (kt),EN.ATM.CO2E.LF.KT,2508.228
Aruba,ABW,2009,CO2 emissions from liquid fuel consumption (kt),EN.ATM.CO2E.LF.KT,2629.239
Aruba,ABW,2008,CO2 emissions from liquid fuel consumption (kt),EN.ATM.CO2E.LF.KT,2658.575
Aruba,ABW,2007,CO2 emissions from liquid fuel consumption (kt),EN.ATM.CO2E.LF.KT,2823.59
Aruba,ABW,2006,CO2 emissions from liquid fuel consumption (kt),EN.ATM.CO2E.LF.KT,2717.247
Aruba,ABW,2005,CO2 emissions from liquid fuel consumption (kt),EN.ATM.CO2E.LF.KT,2720.914
Aruba,ABW,2004,CO2 emissions from liquid fuel consumption (kt),EN.ATM.CO2E.LF.KT,2618.238
Aruba,ABW,2003,CO2 emissions from liquid fuel consumption (kt),EN.ATM.CO2E.LF.KT,2563.233
Aruba,ABW,2002,CO2 emissions from liquid fuel consumption (kt),EN.ATM.CO2E.LF.KT,2438.555
Aruba,ABW,2001,CO2 emissions from liquid fuel consumption (kt),EN.ATM.CO2E.LF.KT,2409.219
Aruba,ABW,2000,CO2 emissions from liquid fuel consumption (kt),EN.ATM.CO2E.LF.KT,2379.883
Aruba,ABW,1999,CO2 emissions from liquid fuel consumption (kt),EN.ATM.CO2E.LF.KT,810.407
Aruba,ABW,1998,CO2 emissions from liquid fuel consumption (kt),EN.ATM.CO2E.LF.KT,806.74
Aruba,ABW,1997,CO2 emissions from liquid fuel consumption (kt),EN.ATM.CO2E.LF.KT,759.069
Aruba,ABW,1996,CO2 emissions from liquid fuel consumption (kt),EN.ATM.CO2E.LF.KT,726.066
Aruba,ABW,1995,CO2 emissions from liquid fuel consumption (kt),EN.ATM.CO2E.LF.KT,707.731
Aruba,ABW,1994,CO2 emissions from liquid fuel consumption (kt),EN.ATM.CO2E.LF.KT,660.06
Aruba,ABW,1993,CO2 emissions from liquid fuel consumption (kt),EN.ATM.CO2E.LF.KT,649.059
Aruba,ABW,1992,CO2 emissions from liquid fuel consumption (kt),EN.ATM.CO2E.LF.KT,539.049
Aruba,ABW,1991,CO2 emissions from liquid fuel consumption (kt),EN.ATM.CO2E.LF.KT,531.715
Aruba,ABW,1990,CO2 emissions from liquid fuel consumption (kt),EN.ATM.CO2E.LF.KT,487.711
Aruba,ABW,1989,CO2 emissions from liquid fuel consumption (kt),EN.ATM.CO2E.LF.KT,649.059
Aruba,ABW,1988,CO2 emissions from liquid fuel consumption (kt),EN.ATM.CO2E.LF.KT,612.389
Aruba,ABW,1987,CO2 emissions from liquid fuel consumption (kt),EN.ATM.CO2E.LF.KT,447.374
Aruba,ABW,1986,CO2 emissions from liquid fuel consumption (kt),EN.ATM.CO2E.LF.KT,179.683
Aruba,ABW,1985,CO2 emissions from liquid fuel consumption (kt),EN.ATM.CO2E.LF.KT,16794.86
Aruba,ABW,1984,CO2 emissions from liquid fuel consumption (kt),EN.ATM.CO2E.LF.KT,14348.971
Aruba,ABW,1983,CO2 emissions from liquid fuel consumption (kt),EN.ATM.CO2E.LF.KT,5746.189
Aruba,ABW,1982,CO2 emissions from liquid fuel consumption (kt),EN.ATM.CO2E.LF.KT,11180.683
Aruba,ABW,1981,CO2 emissions from liquid fuel consumption (kt),EN.ATM.CO2E.LF.KT,9999.909
Aruba,ABW,1980,CO2 emissions from liquid fuel consumption (kt),EN.ATM.CO2E.LF.KT,10498.621
Aruba,ABW,1979,CO2 emissions from liquid fuel consumption (kt),EN.ATM.CO2E.LF.KT,10201.594
Aruba,ABW,1978,CO2 emissions from liquid fuel consumption (kt),EN.ATM.CO2E.LF.KT,9724.884
Aruba,ABW,1977,CO2 emissions from liquid fuel consumption (kt),EN.ATM.CO2E.LF.KT,11419.038
Aruba,ABW,1976,CO2 emissions from liquid fuel consumption (kt),EN.ATM.CO2E.LF.KT,21862.654
Aruba,ABW,1975,CO2 emissions from liquid fuel consumption (kt),EN.ATM.CO2E.LF.KT,10234.597
Aruba,ABW,1974,CO2 emissions from liquid fuel consumption (kt),EN.ATM.CO2E.LF.KT,14132.618
Aruba,ABW,1973,CO2 emissions from liquid fuel consumption (kt),EN.ATM.CO2E.LF.KT,15592.084
Aruba,ABW,1972,CO2 emissions from liquid fuel consumption (kt),EN.ATM.CO2E.LF.KT,14055.611
Aruba,ABW,1971,CO2 emissions from liquid fuel consumption (kt),EN.ATM.CO2E.LF.KT,14495.651
Aruba,ABW,1970,CO2 emissions from liquid fuel consumption (kt),EN.ATM.CO2E.LF.KT,16655.514
Aruba,ABW,1969,CO2 emissions from liquid fuel consumption (kt),EN.ATM.CO2E.LF.KT,14891.687
Aruba,ABW,1968,CO2 emissions from liquid fuel consumption (kt),EN.ATM.CO2E.LF.KT,11378.701
Aruba,ABW,1967,CO2 emissions from liquid fuel consumption (kt),EN.ATM.CO2E.LF.KT,12236.779
Aruba,ABW,1966,CO2 emissions from liquid fuel consumption (kt),EN.ATM.CO2E.LF.KT,9933.903
Aruba,ABW,1965,CO2 emissions from liquid fuel consumption (kt),EN.ATM.CO2E.LF.KT,10623.299
Aruba,ABW,1964,CO2 emissions from liquid fuel consumption (kt),EN.ATM.CO2E.LF.KT,11840.743
Aruba,ABW,1963,CO2 emissions from liquid fuel consumption (kt),EN.ATM.CO2E.LF.KT,12178.107
Aruba,ABW,1962,CO2 emissions from liquid fuel consumption (kt),EN.ATM.CO2E.LF.KT,12713.489
Aruba,ABW,1961,CO2 emissions from liquid fuel consumption (kt),EN.ATM.CO2E.LF.KT,11576.719
Aruba,ABW,1960,CO2 emissions from liquid fuel consumption (kt),EN.ATM.CO2E.LF.KT,11092.675
Aruba,ABW,1989,CO2 emissions from liquid fuel consumption (% of total),EN.ATM.CO2E.LF.ZS,100.0
Aruba,ABW,1988,CO2 emissions from liquid fuel consumption (% of total),EN.ATM.CO2E.LF.ZS,100.0
Aruba,ABW,1987,CO2 emissions from liquid fuel consumption (% of total),EN.ATM.CO2E.LF.ZS,100.0
Aruba,ABW,1986,CO2 emissions from liquid fuel consumption (% of total),EN.ATM.CO2E.LF.ZS,100.0
Aruba,ABW,1985,CO2 emissions from liquid fuel consumption (% of total),EN.ATM.CO2E.LF.ZS,100.0
Aruba,ABW,1984,CO2 emissions from liquid fuel consumption (% of total),EN.ATM.CO2E.LF.ZS,100.0
Aruba,ABW,1983,CO2 emissions from liquid fuel consumption (% of total),EN.ATM.CO2E.LF.ZS,100.0
Aruba,ABW,1982,CO2 emissions from liquid fuel consumption (% of total),EN.ATM.CO2E.LF.ZS,100.0
Aruba,ABW,1981,CO2 emissions from liquid fuel consumption (% of total),EN.ATM.CO2E.LF.ZS,100.0
Aruba,ABW,1980,CO2 emissions from liquid fuel consumption (% of total),EN.ATM.CO2E.LF.ZS,100.0
Aruba,ABW,1979,CO2 emissions from liquid fuel consumption (% of total),EN.ATM.CO2E.LF.ZS,100.0
Aruba,ABW,1978,CO2 emissions from liquid fuel consumption (% of total),EN.ATM.CO2E.LF.ZS,100.0
Aruba,ABW,1977,CO2 emissions from liquid fuel consumption (% of total),EN.ATM.CO2E.LF.ZS,100.0
Aruba,ABW,1976,CO2 emissions from liquid fuel consumption (% of total),EN.ATM.CO2E.LF.ZS,100.0
Aruba,ABW,1975,CO2 emissions from liquid fuel consumption (% of total),EN.ATM.CO2E.LF.ZS,100.0
Aruba,ABW,1974,CO2 emissions from liquid fuel consumption (% of total),EN.ATM.CO2E.LF.ZS,100.0
Aruba,ABW,1973,CO2 emissions from liquid fuel consumption (% of total),EN.ATM.CO2E.LF.ZS,100.0
Aruba,ABW,1972,CO2 emissions from liquid fuel consumption (% of total),EN.ATM.CO2E.LF.ZS,100.0
Aruba,ABW,1971,CO2 emissions from liquid fuel consumption (% of total),EN.ATM.CO2E.LF.ZS,100.0
Aruba,ABW,1970,CO2 emissions from liquid fuel consumption (% of total),EN.ATM.CO2E.LF.ZS,100.0
Aruba,ABW,1969,CO2 emissions from liquid fuel consumption (% of total),EN.ATM.CO2E.LF.ZS,100.0
Aruba,ABW,1968,CO2 emissions from liquid fuel consumption (% of total),EN.ATM.CO2E.LF.ZS,100.0
Aruba,ABW,1967,CO2 emissions from liquid fuel consumption (% of total),EN.ATM.CO2E.LF.ZS,100.0
Aruba,ABW,1966,CO2 emissions from liquid fuel consumption (% of total),EN.ATM.CO2E.LF.ZS,100.0
Aruba,ABW,1965,CO2 emissions from liquid fuel consumption (% of total),EN.ATM.CO2E.LF.ZS,100.0
Aruba,ABW,1964,CO2 emissions from liquid fuel consumption (% of total),EN.ATM.CO2E.LF.ZS,100.0
Aruba,ABW,1963,CO2 emissions from liquid fuel consumption (% of total),EN.ATM.CO2E.LF.ZS,100.0
Aruba,ABW,1962,CO2 emissions from liquid fuel consumption (% of total),EN.ATM.CO2E.LF.ZS,100.0
Aruba,ABW,1961,CO2 emissions from liquid fuel consumption (% of total),EN.ATM.CO2E.LF.ZS,100.0
Aruba,ABW,1960,CO2 emissions from liquid fuel consumption (% of total),EN.ATM.CO2E.LF.ZS,100.0
Aruba,ABW,2016,CO2 emissions from solid fuel consumption (kt),EN.ATM.CO2E.SF.KT,0.0
Aruba,ABW,2015,CO2 emissions from solid fuel consumption (kt),EN.ATM.CO2E.SF.KT,0.0
Aruba,ABW,2014,CO2 emissions from solid fuel consumption (kt),EN.ATM.CO2E.SF.KT,0.0
Aruba,ABW,2013,CO2 emissions from solid fuel consumption (kt),EN.ATM.CO2E.SF.KT,0.0
Aruba,ABW,2012,CO2 emissions from solid fuel consumption (kt),EN.ATM.CO2E.SF.KT,0.0
Aruba,ABW,2011,CO2 emissions from solid fuel consumption (kt),EN.ATM.CO2E.SF.KT,0.0
Aruba,ABW,2010,CO2 emissions from solid fuel consumption (kt),EN.ATM.CO2E.SF.KT,0.0
Aruba,ABW,2009,CO2 emissions from solid fuel consumption (kt),EN.ATM.CO2E.SF.KT,0.0
Aruba,ABW,2008,CO2 emissions from solid fuel consumption (kt),EN.ATM.CO2E.SF.KT,0.0
Aruba,ABW,2007,CO2 emissions from solid fuel consumption (kt),EN.ATM.CO2E.SF.KT,0.0
Aruba,ABW,2006,CO2 emissions from solid fuel consumption (kt),EN.ATM.CO2E.SF.KT,0.0
Aruba,ABW,2005,CO2 emissions from solid fuel consumption (kt),EN.ATM.CO2E.SF.KT,0.0
Aruba,ABW,2004,CO2 emissions from solid fuel consumption (kt),EN.ATM.CO2E.SF.KT,0.0
Aruba,ABW,2003,CO2 emissions from solid fuel consumption (kt),EN.ATM.CO2E.SF.KT,0.0
Aruba,ABW,2002,CO2 emissions from solid fuel consumption (kt),EN.ATM.CO2E.SF.KT,0.0
Aruba,ABW,2001,CO2 emissions from solid fuel consumption (kt),EN.ATM.CO2E.SF.KT,0.0
Aruba,ABW,2000,CO2 emissions from solid fuel consumption (kt),EN.ATM.CO2E.SF.KT,0.0
Aruba,ABW,1999,CO2 emissions from solid fuel consumption (kt),EN.ATM.CO2E.SF.KT,0.0
Aruba,ABW,1998,CO2 emissions from solid fuel consumption (kt),EN.ATM.CO2E.SF.KT,0.0
Aruba,ABW,1997,CO2 emissions from solid fuel consumption (kt),EN.ATM.CO2E.SF.KT,0.0
Aruba,ABW,1996,CO2 emissions from solid fuel consumption (kt),EN.ATM.CO2E.SF.KT,0.0
Aruba,ABW,1995,CO2 emissions from solid fuel consumption (kt),EN.ATM.CO2E.SF.KT,0.0
Aruba,ABW,1994,CO2 emissions from solid fuel consumption (kt),EN.ATM.CO2E.SF.KT,0.0
Aruba,ABW,1993,CO2 emissions from solid fuel consumption (kt),EN.ATM.CO2E.SF.KT,0.0
Aruba,ABW,1992,CO2 emissions from solid fuel consumption (kt),EN.ATM.CO2E.SF.KT,0.0
Aruba,ABW,1991,CO2 emissions from solid fuel consumption (kt),EN.ATM.CO2E.SF.KT,0.0
Aruba,ABW,1990,CO2 emissions from solid fuel consumption (kt),EN.ATM.CO2E.SF.KT,0.0
Aruba,ABW,1989,CO2 emissions from solid fuel consumption (kt),EN.ATM.CO2E.SF.KT,0.0
Aruba,ABW,1988,CO2 emissions from solid fuel consumption (kt),EN.ATM.CO2E.SF.KT,0.0
Aruba,ABW,1987,CO2 emissions from solid fuel consumption (kt),EN.ATM.CO2E.SF.KT,0.0
Aruba,ABW,1986,CO2 emissions from solid fuel consumption (kt),EN.ATM.CO2E.SF.KT,0.0
Aruba,ABW,1985,CO2 emissions from solid fuel consumption (kt),EN.ATM.CO2E.SF.KT,0.0
Aruba,ABW,1984,CO2 emissions from solid fuel consumption (kt),EN.ATM.CO2E.SF.KT,0.0
Aruba,ABW,1983,CO2 emissions from solid fuel consumption (kt),EN.ATM.CO2E.SF.KT,0.0
Aruba,ABW,1982,CO2 emissions from solid fuel consumption (kt),EN.ATM.CO2E.SF.KT,0.0
Aruba,ABW,1981,CO2 emissions from solid fuel consumption (kt),EN.ATM.CO2E.SF.KT,0.0
Aruba,ABW,1980,CO2 emissions from solid fuel consumption (kt),EN.ATM.CO2E.SF.KT,0.0
Aruba,ABW,1979,CO2 emissions from solid fuel consumption (kt),EN.ATM.CO2E.SF.KT,0.0
Aruba,ABW,1978,CO2 emissions from solid fuel consumption (kt),EN.ATM.CO2E.SF.KT,0.0
Aruba,ABW,1977,CO2 emissions from solid fuel consumption (kt),EN.ATM.CO2E.SF.KT,0.0
Aruba,ABW,1976,CO2 emissions from solid fuel consumption (kt),EN.ATM.CO2E.SF.KT,0.0
Aruba,ABW,1975,CO2 emissions from solid fuel consumption (kt),EN.ATM.CO2E.SF.KT,0.0
Aruba,ABW,1974,CO2 emissions from solid fuel consumption (kt),EN.ATM.CO2E.SF.KT,0.0
Aruba,ABW,1973,CO2 emissions from solid fuel consumption (kt),EN.ATM.CO2E.SF.KT,0.0
Aruba,ABW,1972,CO2 emissions from solid fuel consumption (kt),EN.ATM.CO2E.SF.KT,0.0
Aruba,ABW,1971,CO2 emissions from solid fuel consumption (kt),EN.ATM.CO2E.SF.KT,0.0
Aruba,ABW,1970,CO2 emissions from solid fuel consumption (kt),EN.ATM.CO2E.SF.KT,0.0
Aruba,ABW,1969,CO2 emissions from solid fuel consumption (kt),EN.ATM.CO2E.SF.KT,0.0
Aruba,ABW,1968,CO2 emissions from solid fuel consumption (kt),EN.ATM.CO2E.SF.KT,0.0
Aruba,ABW,1967,CO2 emissions from solid fuel consumption (kt),EN.ATM.CO2E.SF.KT,0.0
Aruba,ABW,1966,CO2 emissions from solid fuel consumption (kt),EN.ATM.CO2E.SF.KT,0.0
Aruba,ABW,1965,CO2 emissions from solid fuel consumption (kt),EN.ATM.CO2E.SF.KT,0.0
Aruba,ABW,1964,CO2 emissions from solid fuel consumption (kt),EN.ATM.CO2E.SF.KT,0.0
Aruba,ABW,1963,CO2 emissions from solid fuel consumption (kt),EN.ATM.CO2E.SF.KT,0.0
Aruba,ABW,1962,CO2 emissions from solid fuel consumption (kt),EN.ATM.CO2E.SF.KT,0.0
Aruba,ABW,1961,CO2 emissions from solid fuel consumption (kt),EN.ATM.CO2E.SF.KT,0.0
Aruba,ABW,1960,CO2 emissions from solid fuel consumption (kt),EN.ATM.CO2E.SF.KT,0.0
Aruba,ABW,1989,CO2 emissions from solid fuel consumption (% of total),EN.ATM.CO2E.SF.ZS,0.0
Aruba,ABW,1988,CO2 emissions from solid fuel consumption (% of total),EN.ATM.CO2E.SF.ZS,0.0
Aruba,ABW,1987,CO2 emissions from solid fuel consumption (% of total),EN.ATM.CO2E.SF.ZS,0.0
Aruba,ABW,1986,CO2 emissions from solid fuel consumption (% of total),EN.ATM.CO2E.SF.ZS,0.0
Aruba,ABW,1985,CO2 emissions from solid fuel consumption (% of total),EN.ATM.CO2E.SF.ZS,0.0
Aruba,ABW,1984,CO2 emissions from solid fuel consumption (% of total),EN.ATM.CO2E.SF.ZS,0.0
Aruba,ABW,1983,CO2 emissions from solid fuel consumption (% of total),EN.ATM.CO2E.SF.ZS,0.0
Aruba,ABW,1982,CO2 emissions from solid fuel consumption (% of total),EN.ATM.CO2E.SF.ZS,0.0
Aruba,ABW,1981,CO2 emissions from solid fuel consumption (% of total),EN.ATM.CO2E.SF.ZS,0.0
Aruba,ABW,1980,CO2 emissions from solid fuel consumption (% of total),EN.ATM.CO2E.SF.ZS,0.0
Aruba,ABW,1979,CO2 emissions from solid fuel consumption (% of total),EN.ATM.CO2E.SF.ZS,0.0
Aruba,ABW,1978,CO2 emissions from solid fuel consumption (% of total),EN.ATM.CO2E.SF.ZS,0.0
Aruba,ABW,1977,CO2 emissions from solid fuel consumption (% of total),EN.ATM.CO2E.SF.ZS,0.0
Aruba,ABW,1976,CO2 emissions from solid fuel consumption (% of total),EN.ATM.CO2E.SF.ZS,0.0
Aruba,ABW,1975,CO2 emissions from solid fuel consumption (% of total),EN.ATM.CO2E.SF.ZS,0.0
Aruba,ABW,1974,CO2 emissions from solid fuel consumption (% of total),EN.ATM.CO2E.SF.ZS,0.0
Aruba,ABW,1973,CO2 emissions from solid fuel consumption (% of total),EN.ATM.CO2E.SF.ZS,0.0
Aruba,ABW,1972,CO2 emissions from solid fuel consumption (% of total),EN.ATM.CO2E.SF.ZS,0.0
Aruba,ABW,1971,CO2 emissions from solid fuel consumption (% of total),EN.ATM.CO2E.SF.ZS,0.0
Aruba,ABW,1970,CO2 emissions from solid fuel consumption (% of total),EN.ATM.CO2E.SF.ZS,0.0
Aruba,ABW,1969,CO2 emissions from solid fuel consumption (% of total),EN.ATM.CO2E.SF.ZS,0.0
Aruba,ABW,1968,CO2 emissions from solid fuel consumption (% of total),EN.ATM.CO2E.SF.ZS,0.0
Aruba,ABW,1967,CO2 emissions from solid fuel consumption (% of total),EN.ATM.CO2E.SF.ZS,0.0
Aruba,ABW,1966,CO2 emissions from solid fuel consumption (% of total),EN.ATM.CO2E.SF.ZS,0.0
Aruba,ABW,1965,CO2 emissions from solid fuel consumption (% of total),EN.ATM.CO2E.SF.ZS,0.0
Aruba,ABW,1964,CO2 emissions from solid fuel consumption (% of total),EN.ATM.CO2E.SF.ZS,0.0
Aruba,ABW,1963,CO2 emissions from solid fuel consumption (% of total),EN.ATM.CO2E.SF.ZS,0.0
Aruba,ABW,1962,CO2 emissions from solid fuel consumption (% of total),EN.ATM.CO2E.SF.ZS,0.0
Aruba,ABW,1961,CO2 emissions from solid fuel consumption (% of total),EN.ATM.CO2E.SF.ZS,0.0
Aruba,ABW,1960,CO2 emissions from solid fuel consumption (% of total),EN.ATM.CO2E.SF.ZS,0.0
Aruba,ABW,1987,"Other greenhouse gas emissions, HFC, PFC and SF6 (thousand metric tons of CO2 equivalent)",EN.ATM.GHGO.KT.CE,143.941114486933
Aruba,ABW,1986,"Other greenhouse gas emissions, HFC, PFC and SF6 (thousand metric tons of CO2 equivalent)",EN.ATM.GHGO.KT.CE,127.878601610184
Aruba,ABW,1985,"Other greenhouse gas emissions, HFC, PFC and SF6 (thousand metric tons of CO2 equivalent)",EN.ATM.GHGO.KT.CE,219.772691755295
Aruba,ABW,1984,"Other greenhouse gas emissions, HFC, PFC and SF6 (thousand metric tons of CO2 equivalent)",EN.ATM.GHGO.KT.CE,246.726780365467
Aruba,ABW,1983,"Other greenhouse gas emissions, HFC, PFC and SF6 (thousand metric tons of CO2 equivalent)",EN.ATM.GHGO.KT.CE,239.228604783297
Aruba,ABW,1982,"Other greenhouse gas emissions, HFC, PFC and SF6 (thousand metric tons of CO2 equivalent)",EN.ATM.GHGO.KT.CE,204.145519427776
Aruba,ABW,1981,"Other greenhouse gas emissions, HFC, PFC and SF6 (thousand metric tons of CO2 equivalent)",EN.ATM.GHGO.KT.CE,191.589041749954
Aruba,ABW,1980,"Other greenhouse gas emissions, HFC, PFC and SF6 (thousand metric tons of CO2 equivalent)",EN.ATM.GHGO.KT.CE,114.675152129412
Aruba,ABW,1979,"Other greenhouse gas emissions, HFC, PFC and SF6 (thousand metric tons of CO2 equivalent)",EN.ATM.GHGO.KT.CE,121.030567683697
Aruba,ABW,1978,"Other greenhouse gas emissions, HFC, PFC and SF6 (thousand metric tons of CO2 equivalent)",EN.ATM.GHGO.KT.CE,95.208587667227
Aruba,ABW,1977,"Other greenhouse gas emissions, HFC, PFC and SF6 (thousand metric tons of CO2 equivalent)",EN.ATM.GHGO.KT.CE,36.4009040830135
Aruba,ABW,1976,"Other greenhouse gas emissions, HFC, PFC and SF6 (thousand metric tons of CO2 equivalent)",EN.ATM.GHGO.KT.CE,30.5132694075108
Aruba,ABW,1975,"Other greenhouse gas emissions, HFC, PFC and SF6 (thousand metric tons of CO2 equivalent)",EN.ATM.GHGO.KT.CE,15.4293338317513
Aruba,ABW,1974,"Other greenhouse gas emissions, HFC, PFC and SF6 (thousand metric tons of CO2 equivalent)",EN.ATM.GHGO.KT.CE,18.9261850746155
Aruba,ABW,1973,"Other greenhouse gas emissions, HFC, PFC and SF6 (thousand metric tons of CO2 equivalent)",EN.ATM.GHGO.KT.CE,19.7166851036787
Aruba,ABW,1972,"Other greenhouse gas emissions, HFC, PFC and SF6 (thousand metric tons of CO2 equivalent)",EN.ATM.GHGO.KT.CE,20.0057701091051
Aruba,ABW,1971,"Other greenhouse gas emissions, HFC, PFC and SF6 (thousand metric tons of CO2 equivalent)",EN.ATM.GHGO.KT.CE,19.9573639208317
Aruba,ABW,1970,"Other greenhouse gas emissions, HFC, PFC and SF6 (thousand metric tons of CO2 equivalent)",EN.ATM.GHGO.KT.CE,19.6679007572651
Aruba,ABW,2012,Other greenhouse gas emissions (% change from 1990),EN.ATM.GHGO.ZG,-33.3333333333333
Aruba,ABW,2011,Other greenhouse gas emissions (% change from 1990),EN.ATM.GHGO.ZG,-216.666666666667
Aruba,ABW,2010,Other greenhouse gas emissions (% change from 1990),EN.ATM.GHGO.ZG,-137.5
Aruba,ABW,2009,Other greenhouse gas emissions (% change from 1990),EN.ATM.GHGO.ZG,0.0
Aruba,ABW,2008,Other greenhouse gas emissions (% change from 1990),EN.ATM.GHGO.ZG,-291.666666666667
Aruba,ABW,2007,Other greenhouse gas emissions (% change from 1990),EN.ATM.GHGO.ZG,-141.666666666667
Aruba,ABW,2006,Other greenhouse gas emissions (% change from 1990),EN.ATM.GHGO.ZG,-166.666666666667
Aruba,ABW,2005,Other greenhouse gas emissions (% change from 1990),EN.ATM.GHGO.ZG,-204.166666666667
Aruba,ABW,2004,Other greenhouse gas emissions (% change from 1990),EN.ATM.GHGO.ZG,-137.5
Aruba,ABW,2003,Other greenhouse gas emissions (% change from 1990),EN.ATM.GHGO.ZG,-83.3333333333333
Aruba,ABW,2002,Other greenhouse gas emissions (% change from 1990),EN.ATM.GHGO.ZG,-295.833333333333
Aruba,ABW,2001,Other greenhouse gas emissions (% change from 1990),EN.ATM.GHGO.ZG,16.6666666666667
Aruba,ABW,2000,Other greenhouse gas emissions (% change from 1990),EN.ATM.GHGO.ZG,16.6666666666667
Aruba,ABW,1999,Other greenhouse gas emissions (% change from 1990),EN.ATM.GHGO.ZG,-83.3333333333333
Aruba,ABW,1998,Other greenhouse gas emissions (% change from 1990),EN.ATM.GHGO.ZG,-200.0
Aruba,ABW,1997,Other greenhouse gas emissions (% change from 1990),EN.ATM.GHGO.ZG,166.666666666667
Aruba,ABW,1996,Other greenhouse gas emissions (% change from 1990),EN.ATM.GHGO.ZG,-116.666666666667
Aruba,ABW,1995,Other greenhouse gas emissions (% change from 1990),EN.ATM.GHGO.ZG,100.0
Aruba,ABW,1994,Other greenhouse gas emissions (% change from 1990),EN.ATM.GHGO.ZG,241.666666666667
Aruba,ABW,1993,Other greenhouse gas emissions (% change from 1990),EN.ATM.GHGO.ZG,-275.0
Aruba,ABW,1992,Other greenhouse gas emissions (% change from 1990),EN.ATM.GHGO.ZG,58.3333333333336
Aruba,ABW,1991,Other greenhouse gas emissions (% change from 1990),EN.ATM.GHGO.ZG,-350.0
Aruba,ABW,2012,Methane emissions (% change from 1990),EN.ATM.METH.ZG,52.8353407833008
Aruba,ABW,2011,Methane emissions (% change from 1990),EN.ATM.METH.ZG,51.3369550893469
Aruba,ABW,2010,Methane emissions (% change from 1990),EN.ATM.METH.ZG,49.838569395393
Aruba,ABW,2009,Methane emissions (% change from 1990),EN.ATM.METH.ZG,46.5803067840388
Aruba,ABW,2008,Methane emissions (% change from 1990),EN.ATM.METH.ZG,43.2693321385272
Aruba,ABW,2007,Methane emissions (% change from 1990),EN.ATM.METH.ZG,39.9939381160719
Aruba,ABW,2006,Methane emissions (% change from 1990),EN.ATM.METH.ZG,36.2335933793685
Aruba,ABW,2005,Methane emissions (% change from 1990),EN.ATM.METH.ZG,32.9832375731379
Aruba,ABW,2004,Methane emissions (% change from 1990),EN.ATM.METH.ZG,30.4820515523694
Aruba,ABW,2003,Methane emissions (% change from 1990),EN.ATM.METH.ZG,27.2916556849929
Aruba,ABW,2002,Methane emissions (% change from 1990),EN.ATM.METH.ZG,24.5381108006958
Aruba,ABW,2001,Methane emissions (% change from 1990),EN.ATM.METH.ZG,21.3477149333193
Aruba,ABW,2000,Methane emissions (% change from 1990),EN.ATM.METH.ZG,18.9407516736071
Aruba,ABW,1999,Methane emissions (% change from 1990),EN.ATM.METH.ZG,15.6673343524327
Aruba,ABW,1998,Methane emissions (% change from 1990),EN.ATM.METH.ZG,14.3047282694639
Aruba,ABW,1997,Methane emissions (% change from 1990),EN.ATM.METH.ZG,41.7841705761425
Aruba,ABW,1996,Methane emissions (% change from 1990),EN.ATM.METH.ZG,11.7758684307627
Aruba,ABW,1995,Methane emissions (% change from 1990),EN.ATM.METH.ZG,13.9660534500026
Aruba,ABW,1994,Methane emissions (% change from 1990),EN.ATM.METH.ZG,11.2013072584471
Aruba,ABW,1993,Methane emissions (% change from 1990),EN.ATM.METH.ZG,7.96808286331769
Aruba,ABW,1992,Methane emissions (% change from 1990),EN.ATM.METH.ZG,4.75198987928944
Aruba,ABW,1991,Methane emissions (% change from 1990),EN.ATM.METH.ZG,2.03732012018345
Aruba,ABW,2012,Nitrous oxide emissions (% change from 1990),EN.ATM.NOXE.ZG,-45.1195274277534
Aruba,ABW,2011,Nitrous oxide emissions (% change from 1990),EN.ATM.NOXE.ZG,-45.6575712765009
Aruba,ABW,2010,Nitrous oxide emissions (% change from 1990),EN.ATM.NOXE.ZG,-46.1956151252484
Aruba,ABW,2009,Nitrous oxide emissions (% change from 1990),EN.ATM.NOXE.ZG,-48.2129092139003
Aruba,ABW,2008,Nitrous oxide emissions (% change from 1990),EN.ATM.NOXE.ZG,-50.2302033025522
Aruba,ABW,2007,Nitrous oxide emissions (% change from 1990),EN.ATM.NOXE.ZG,-51.560558151242
Aruba,ABW,2006,Nitrous oxide emissions (% change from 1990),EN.ATM.NOXE.ZG,-51.2375393941301
Aruba,ABW,2005,Nitrous oxide emissions (% change from 1990),EN.ATM.NOXE.ZG,-56.2820855685078
Aruba,ABW,2004,Nitrous oxide emissions (% change from 1990),EN.ATM.NOXE.ZG,-57.6037881290607
Aruba,ABW,2003,Nitrous oxide emissions (% change from 1990),EN.ATM.NOXE.ZG,-57.6496714752413
Aruba,ABW,2002,Nitrous oxide emissions (% change from 1990),EN.ATM.NOXE.ZG,-54.8696650777919
Aruba,ABW,2001,Nitrous oxide emissions (% change from 1990),EN.ATM.NOXE.ZG,-56.2414460333192
Aruba,ABW,2000,Nitrous oxide emissions (% change from 1990),EN.ATM.NOXE.ZG,-53.7519467648308
Aruba,ABW,1999,Nitrous oxide emissions (% change from 1990),EN.ATM.NOXE.ZG,-50.8122663226727
Aruba,ABW,1998,Nitrous oxide emissions (% change from 1990),EN.ATM.NOXE.ZG,-44.7202689026277
Aruba,ABW,1997,Nitrous oxide emissions (% change from 1990),EN.ATM.NOXE.ZG,225.011405288908
Aruba,ABW,1996,Nitrous oxide emissions (% change from 1990),EN.ATM.NOXE.ZG,-29.4985343548277
Aruba,ABW,1995,Nitrous oxide emissions (% change from 1990),EN.ATM.NOXE.ZG,12.4275698606719
Aruba,ABW,1994,Nitrous oxide emissions (% change from 1990),EN.ATM.NOXE.ZG,11.9805349735974
Aruba,ABW,1993,Nitrous oxide emissions (% change from 1990),EN.ATM.NOXE.ZG,7.27919622865114
Aruba,ABW,1992,Nitrous oxide emissions (% change from 1990),EN.ATM.NOXE.ZG,2.62190549603831
Aruba,ABW,1991,Nitrous oxide emissions (% change from 1990),EN.ATM.NOXE.ZG,0.328262568103987
Aruba,ABW,2015,Rural population living in areas where elevation is below 5 meters (% of total population),EN.POP.EL5M.RU.ZS,0.391895298861223
Aruba,ABW,2000,Rural population living in areas where elevation is below 5 meters (% of total population),EN.POP.EL5M.RU.ZS,0.583561522516028
Aruba,ABW,1990,Rural population living in areas where elevation is below 5 meters (% of total population),EN.POP.EL5M.RU.ZS,0.888374504841017
Aruba,ABW,2015,Urban population living in areas where elevation is below 5 meters (% of total population),EN.POP.EL5M.UR.ZS,4.60560201768215
Aruba,ABW,2000,Urban population living in areas where elevation is below 5 meters (% of total population),EN.POP.EL5M.UR.ZS,4.54335047771201
Aruba,ABW,1990,Urban population living in areas where elevation is below 5 meters (% of total population),EN.POP.EL5M.UR.ZS,4.46427662827947
Aruba,ABW,2015,Population living in areas where elevation is below 5 meters (% of total population),EN.POP.EL5M.ZS,4.99749731654337
Aruba,ABW,2000,Population living in areas where elevation is below 5 meters (% of total population),EN.POP.EL5M.ZS,5.12691200022804
Aruba,ABW,1990,Population living in areas where elevation is below 5 meters (% of total population),EN.POP.EL5M.ZS,5.35265113312048
Aruba,ABW,2022,Terrestrial protected areas (% of total land area),ER.LND.PTLD.ZS,18.9175758
Aruba,ABW,2021,Terrestrial protected areas (% of total land area),ER.LND.PTLD.ZS,18.91757584
Aruba,ABW,2020,Terrestrial protected areas (% of total land area),ER.LND.PTLD.ZS,18.91758
Aruba,ABW,2019,Terrestrial protected areas (% of total land area),ER.LND.PTLD.ZS,18.91758
Aruba,ABW,2018,Terrestrial protected areas (% of total land area),ER.LND.PTLD.ZS,18.9175762600279
Aruba,ABW,2017,Terrestrial protected areas (% of total land area),ER.LND.PTLD.ZS,18.9175762600279
Aruba,ABW,2016,Terrestrial protected areas (% of total land area),ER.LND.PTLD.ZS,0.53
Aruba,ABW,2022,Marine protected areas (% of territorial waters),ER.MRN.PTMR.ZS,0.0001052
Aruba,ABW,2021,Marine protected areas (% of territorial waters),ER.MRN.PTMR.ZS,0.000105157
Aruba,ABW,2020,Marine protected areas (% of territorial waters),ER.MRN.PTMR.ZS,0.000105
Aruba,ABW,2019,Marine protected areas (% of territorial waters),ER.MRN.PTMR.ZS,0.000105
Aruba,ABW,2018,Marine protected areas (% of territorial waters),ER.MRN.PTMR.ZS,0.0001051566836876
Aruba,ABW,2017,Marine protected areas (% of territorial waters),ER.MRN.PTMR.ZS,0.0001051566836876
Aruba,ABW,2022,Terrestrial and marine protected areas (% of total territorial area),ER.PTD.TOTL.ZS,0.14116374863027
Aruba,ABW,2021,Terrestrial and marine protected areas (% of total territorial area),ER.PTD.TOTL.ZS,0.14116374863027
Aruba,ABW,2020,Terrestrial and marine protected areas (% of total territorial area),ER.PTD.TOTL.ZS,0.141163749334901
Aruba,ABW,2019,Terrestrial and marine protected areas (% of total territorial area),ER.PTD.TOTL.ZS,0.141163749334901
Aruba,ABW,2018,Terrestrial and marine protected areas (% of total territorial area),ER.PTD.TOTL.ZS,0.141163456065734
Aruba,ABW,2017,Terrestrial and marine protected areas (% of total territorial area),ER.PTD.TOTL.ZS,0.141163456065734
Aruba,ABW,2016,Terrestrial and marine protected areas (% of total territorial area),ER.PTD.TOTL.ZS,0.527983104540655
Aruba,ABW,2019,"Agriculture, forestry, and fishing, value added (% of GDP)",NV.AGR.TOTL.ZS,0.0275726826443453
Aruba,ABW,2018,"Agriculture, forestry, and fishing, value added (% of GDP)",NV.AGR.TOTL.ZS,0.0222530297372096
Aruba,ABW,2017,"Agriculture, forestry, and fishing, value added (% of GDP)",NV.AGR.TOTL.ZS,0.0239185699152083
Aruba,ABW,2016,"Agriculture, forestry, and fishing, value added (% of GDP)",NV.AGR.TOTL.ZS,0.0186117680674113
Aruba,ABW,2015,"Agriculture, forestry, and fishing, value added (% of GDP)",NV.AGR.TOTL.ZS,0.0125197884306596
Aruba,ABW,2014,"Agriculture, forestry, and fishing, value added (% of GDP)",NV.AGR.TOTL.ZS,0.0148129732019303
Aruba,ABW,2013,"Agriculture, forestry, and fishing, value added (% of GDP)",NV.AGR.TOTL.ZS,0.0178174595128952
Aruba,ABW,2012,"Agriculture, forestry, and fishing, value added (% of GDP)",NV.AGR.TOTL.ZS,0.0214687486582032
Aruba,ABW,2011,"Agriculture, forestry, and fishing, value added (% of GDP)",NV.AGR.TOTL.ZS,0.0203949029261921
Aruba,ABW,2010,"Agriculture, forestry, and fishing, value added (% of GDP)",NV.AGR.TOTL.ZS,0.0204920878910203
Aruba,ABW,2009,"Agriculture, forestry, and fishing, value added (% of GDP)",NV.AGR.TOTL.ZS,0.0199068534264945
Aruba,ABW,2008,"Agriculture, forestry, and fishing, value added (% of GDP)",NV.AGR.TOTL.ZS,0.0169973987102413
Aruba,ABW,2007,"Agriculture, forestry, and fishing, value added (% of GDP)",NV.AGR.TOTL.ZS,0.0178385963799542
Aruba,ABW,2006,"Agriculture, forestry, and fishing, value added (% of GDP)",NV.AGR.TOTL.ZS,0.0175077037289373
Aruba,ABW,2005,"Agriculture, forestry, and fishing, value added (% of GDP)",NV.AGR.TOTL.ZS,0.0173277773977134
Aruba,ABW,2004,"Agriculture, forestry, and fishing, value added (% of GDP)",NV.AGR.TOTL.ZS,0.0175662581169615
Aruba,ABW,2003,"Agriculture, forestry, and fishing, value added (% of GDP)",NV.AGR.TOTL.ZS,0.0180105822419485
Aruba,ABW,2002,"Agriculture, forestry, and fishing, value added (% of GDP)",NV.AGR.TOTL.ZS,0.0180539339920836
Aruba,ABW,2001,"Agriculture, forestry, and fishing, value added (% of GDP)",NV.AGR.TOTL.ZS,0.0186174866510853
Aruba,ABW,2000,"Agriculture, forestry, and fishing, value added (% of GDP)",NV.AGR.TOTL.ZS,0.0186075360521011
Aruba,ABW,1999,"Agriculture, forestry, and fishing, value added (% of GDP)",NV.AGR.TOTL.ZS,0.383268482490272
Aruba,ABW,1998,"Agriculture, forestry, and fishing, value added (% of GDP)",NV.AGR.TOTL.ZS,0.407916806440792
Aruba,ABW,1997,"Agriculture, forestry, and fishing, value added (% of GDP)",NV.AGR.TOTL.ZS,0.429978118161926
Aruba,ABW,1996,"Agriculture, forestry, and fishing, value added (% of GDP)",NV.AGR.TOTL.ZS,0.48582995951417
Aruba,ABW,1995,"Agriculture, forestry, and fishing, value added (% of GDP)",NV.AGR.TOTL.ZS,0.505922165820643
Aruba,ABW,2012,"School enrollment, primary and secondary (gross), gender parity index (GPI)",SE.ENR.PRSC.FM.ZS,1.02155995368958
Aruba,ABW,2011,"School enrollment, primary and secondary (gross), gender parity index (GPI)",SE.ENR.PRSC.FM.ZS,1.00871002674103
Aruba,ABW,2010,"School enrollment, primary and secondary (gross), gender parity index (GPI)",SE.ENR.PRSC.FM.ZS,1.01460003852844
Aruba,ABW,2009,"School enrollment, primary and secondary (gross), gender parity index (GPI)",SE.ENR.PRSC.FM.ZS,1.00443994998932
Aruba,ABW,2008,"School enrollment, primary and secondary (gross), gender parity index (GPI)",SE.ENR.PRSC.FM.ZS,1.00560998916626
Aruba,ABW,2007,"School enrollment, primary and secondary (gross), gender parity index (GPI)",SE.ENR.PRSC.FM.ZS,0.986760020256042
Aruba,ABW,2006,"School enrollment, primary and secondary (gross), gender parity index (GPI)",SE.ENR.PRSC.FM.ZS,0.967980027198792
Aruba,ABW,2005,"School enrollment, primary and secondary (gross), gender parity index (GPI)",SE.ENR.PRSC.FM.ZS,0.963389992713928
Aruba,ABW,2004,"School enrollment, primary and secondary (gross), gender parity index (GPI)",SE.ENR.PRSC.FM.ZS,0.952910006046295
Aruba,ABW,2003,"School enrollment, primary and secondary (gross), gender parity index (GPI)",SE.ENR.PRSC.FM.ZS,0.97706001996994
Aruba,ABW,2002,"School enrollment, primary and secondary (gross), gender parity index (GPI)",SE.ENR.PRSC.FM.ZS,0.989000022411346
Aruba,ABW,2001,"School enrollment, primary and secondary (gross), gender parity index (GPI)",SE.ENR.PRSC.FM.ZS,0.999490022659302
Aruba,ABW,2000,"School enrollment, primary and secondary (gross), gender parity index (GPI)",SE.ENR.PRSC.FM.ZS,0.992659986019135
Aruba,ABW,1999,"School enrollment, primary and secondary (gross), gender parity index (GPI)",SE.ENR.PRSC.FM.ZS,1.01191997528076
Aruba,ABW,2014,"Primary completion rate, total (% of relevant age group)",SE.PRM.CMPT.ZS,105.19856262207
Aruba,ABW,2013,"Primary completion rate, total (% of relevant age group)",SE.PRM.CMPT.ZS,101.004302978516
Aruba,ABW,2010,"Primary completion rate, total (% of relevant age group)",SE.PRM.CMPT.ZS,95.681510925293
Aruba,ABW,2009,"Primary completion rate, total (% of relevant age group)",SE.PRM.CMPT.ZS,98.2503433227539
Aruba,ABW,2008,"Primary completion rate, total (% of relevant age group)",SE.PRM.CMPT.ZS,98.587760925293
Aruba,ABW,2007,"Primary completion rate, total (% of relevant age group)",SE.PRM.CMPT.ZS,101.150199890137
Aruba,ABW,2006,"Primary completion rate, total (% of relevant age group)",SE.PRM.CMPT.ZS,101.72176361084
Aruba,ABW,2005,"Primary completion rate, total (% of relevant age group)",SE.PRM.CMPT.ZS,96.7293014526367
Aruba,ABW,2004,"Primary completion rate, total (% of relevant age group)",SE.PRM.CMPT.ZS,98.2344589233398
Aruba,ABW,2003,"Primary completion rate, total (% of relevant age group)",SE.PRM.CMPT.ZS,94.4876327514648
Aruba,ABW,2002,"Primary completion rate, total (% of relevant age group)",SE.PRM.CMPT.ZS,96.5099716186523
Aruba,ABW,2001,"Primary completion rate, total (% of relevant age group)",SE.PRM.CMPT.ZS,94.1304321289062
Aruba,ABW,2000,"Primary completion rate, total (% of relevant age group)",SE.PRM.CMPT.ZS,95.1399078369141
Aruba,ABW,1999,"Primary completion rate, total (% of relevant age group)",SE.PRM.CMPT.ZS,97.4852066040039
Aruba,ABW,2022,Population growth (annual %),SP.POP.GROW,-0.0863922826549927
Aruba,ABW,2021,Population growth (annual %),SP.POP.GROW,-0.0450446230906329
Aruba,ABW,2020,Population growth (annual %),SP.POP.GROW,0.134255302359952
Aruba,ABW,2019,Population growth (annual %),SP.POP.GROW,0.451969658863314
Aruba,ABW,2018,Population growth (annual %),SP.POP.GROW,0.494795263046989
Aruba,ABW,2017,Population growth (annual %),SP.POP.GROW,0.537295706145068
Aruba,ABW,2016,Population growth (annual %),SP.POP.GROW,0.590062487333077
Aruba,ABW,2015,Population growth (annual %),SP.POP.GROW,0.63795916173479
Aruba,ABW,2014,Population growth (annual %),SP.POP.GROW,0.691615260101675
Aruba,ABW,2013,Population growth (annual %),SP.POP.GROW,0.749301039347625
Aruba,ABW,2012,Population growth (annual %),SP.POP.GROW,0.810230587788097
Aruba,ABW,2011,Population growth (annual %),SP.POP.GROW,0.939355909629835
Aruba,ABW,2010,Population growth (annual %),SP.POP.GROW,1.13154104048985
Aruba,ABW,2009,Population growth (annual %),SP.POP.GROW,1.23323132057229
Aruba,ABW,2008,Population growth (annual %),SP.POP.GROW,1.24139737678817
Aruba,ABW,2007,Population growth (annual %),SP.POP.GROW,1.22771081489399
Aruba,ABW,2006,Population growth (annual %),SP.POP.GROW,1.18156554573069
Aruba,ABW,2005,Population growth (annual %),SP.POP.GROW,1.00307718391638
Aruba,ABW,2004,Population growth (annual %),SP.POP.GROW,0.900989229759957
Aruba,ABW,2003,Population growth (annual %),SP.POP.GROW,0.997395547284924
Aruba,ABW,2002,Population growth (annual %),SP.POP.GROW,1.19471805545637
Aruba,ABW,2001,Population growth (annual %),SP.POP.GROW,1.76875662143885
Aruba,ABW,2000,Population growth (annual %),SP.POP.GROW,2.53923444445246
Aruba,ABW,1999,Population growth (annual %),SP.POP.GROW,2.93441292558764
Aruba,ABW,1998,Population growth (annual %),SP.POP.GROW,3.00480452491461
Aruba,ABW,1997,Population growth (annual %),SP.POP.GROW,3.02735876796255
Aruba,ABW,1996,Population growth (annual %),SP.POP.GROW,3.02578893630418
Aruba,ABW,1995,Population growth (annual %),SP.POP.GROW,3.08406097784149
Aruba,ABW,1994,Population growth (annual %),SP.POP.GROW,3.19602914606154
Aruba,ABW,1993,Population growth (annual %),SP.POP.GROW,3.04193161032362
Aruba,ABW,1992,Population growth (annual %),SP.POP.GROW,3.37286419184246
Aruba,ABW,1991,Population growth (annual %),SP.POP.GROW,3.22241452912309
Aruba,ABW,1990,Population growth (annual %),SP.POP.GROW,1.71290678473822
Aruba,ABW,1989,Population growth (annual %),SP.POP.GROW,0.409531473341962
Aruba,ABW,1988,Population growth (annual %),SP.POP.GROW,-0.183255475179547
Aruba,ABW,1987,Population growth (annual %),SP.POP.GROW,-0.159686242780767
Aruba,ABW,1986,Population growth (annual %),SP.POP.GROW,0.116251146540699
Aruba,ABW,1985,Population growth (annual %),SP.POP.GROW,0.472593610369669
Aruba,ABW,1984,Population growth (annual %),SP.POP.GROW,0.768049326467615
Aruba,ABW,1983,Population growth (annual %),SP.POP.GROW,0.894334780580153
Aruba,ABW,1982,Population growth (annual %),SP.POP.GROW,0.798540789902855
Aruba,ABW,1981,Population growth (annual %),SP.POP.GROW,0.555730484303276
Aruba,ABW,1980,Population growth (annual %),SP.POP.GROW,0.420043587504175
Aruba,ABW,1979,Population growth (annual %),SP.POP.GROW,0.433152991694554
Aruba,ABW,1978,Population growth (annual %),SP.POP.GROW,0.443171752006989
Aruba,ABW,1977,Population growth (annual %),SP.POP.GROW,0.443510322777766
Aruba,ABW,1976,Population growth (annual %),SP.POP.GROW,0.784201938574436
Aruba,ABW,1975,Population growth (annual %),SP.POP.GROW,1.13796644720391
Aruba,ABW,1974,Population growth (annual %),SP.POP.GROW,1.11062929159876
Aruba,ABW,1973,Population growth (annual %),SP.POP.GROW,0.862803525331165
Aruba,ABW,1972,Population growth (annual %),SP.POP.GROW,0.0662865131222005
Aruba,ABW,1971,Population growth (annual %),SP.POP.GROW,-0.491851536837525
Aruba,ABW,1970,Population growth (annual %),SP.POP.GROW,-0.378263816895484
Aruba,ABW,1969,Population growth (annual %),SP.POP.GROW,-0.237371850751822
Aruba,ABW,1968,Population growth (annual %),SP.POP.GROW,-0.0857193332764354
Aruba,ABW,1967,Population growth (annual %),SP.POP.GROW,0.388846828315926
Aruba,ABW,1966,Population growth (annual %),SP.POP.GROW,0.86218382371151
Aruba,ABW,1965,Population growth (annual %),SP.POP.GROW,1.03284091886278
Aruba,ABW,1964,Population growth (annual %),SP.POP.GROW,1.21572057526871
Aruba,ABW,1963,Population growth (annual %),SP.POP.GROW,1.3893370634193
Aruba,ABW,1962,Population growth (annual %),SP.POP.GROW,1.54857174393805
Aruba,ABW,1961,Population growth (annual %),SP.POP.GROW,2.17905904113205
Aruba,ABW,2022,"Population, total",SP.POP.TOTL,106445.0
Aruba,ABW,2021,"Population, total",SP.POP.TOTL,106537.0
Aruba,ABW,2020,"Population, total",SP.POP.TOTL,106585.0
Aruba,ABW,2019,"Population, total",SP.POP.TOTL,106442.0
Aruba,ABW,2018,"Population, total",SP.POP.TOTL,105962.0
Aruba,ABW,2017,"Population, total",SP.POP.TOTL,105439.0
Aruba,ABW,2016,"Population, total",SP.POP.TOTL,104874.0
Aruba,ABW,2015,"Population, total",SP.POP.TOTL,104257.0
Aruba,ABW,2014,"Population, total",SP.POP.TOTL,103594.0
Aruba,ABW,2013,"Population, total",SP.POP.TOTL,102880.0
Aruba,ABW,2012,"Population, total",SP.POP.TOTL,102112.0
Aruba,ABW,2011,"Population, total",SP.POP.TOTL,101288.0
Aruba,ABW,2010,"Population, total",SP.POP.TOTL,100341.0
Aruba,ABW,2009,"Population, total",SP.POP.TOTL,99212.0
Aruba,ABW,2008,"Population, total",SP.POP.TOTL,97996.0
Aruba,ABW,2007,"Population, total",SP.POP.TOTL,96787.0
Aruba,ABW,2006,"Population, total",SP.POP.TOTL,95606.0
Aruba,ABW,2005,"Population, total",SP.POP.TOTL,94483.0
Aruba,ABW,2004,"Population, total",SP.POP.TOTL,93540.0
Aruba,ABW,2003,"Population, total",SP.POP.TOTL,92701.0
Aruba,ABW,2002,"Population, total",SP.POP.TOTL,91781.0
Aruba,ABW,2001,"Population, total",SP.POP.TOTL,90691.0
Aruba,ABW,2000,"Population, total",SP.POP.TOTL,89101.0
Aruba,ABW,1999,"Population, total",SP.POP.TOTL,86867.0
Aruba,ABW,1998,"Population, total",SP.POP.TOTL,84355.0
Aruba,ABW,1997,"Population, total",SP.POP.TOTL,81858.0
Aruba,ABW,1996,"Population, total",SP.POP.TOTL,79417.0
Aruba,ABW,1995,"Population, total",SP.POP.TOTL,77050.0
Aruba,ABW,1994,"Population, total",SP.POP.TOTL,74710.0
Aruba,ABW,1993,"Population, total",SP.POP.TOTL,72360.0
Aruba,ABW,1992,"Population, total",SP.POP.TOTL,70192.0
Aruba,ABW,1991,"Population, total",SP.POP.TOTL,67864.0
Aruba,ABW,1990,"Population, total",SP.POP.TOTL,65712.0
Aruba,ABW,1989,"Population, total",SP.POP.TOTL,64596.0
Aruba,ABW,1988,"Population, total",SP.POP.TOTL,64332.0
Aruba,ABW,1987,"Population, total",SP.POP.TOTL,64450.0
Aruba,ABW,1986,"Population, total",SP.POP.TOTL,64553.0
Aruba,ABW,1985,"Population, total",SP.POP.TOTL,64478.0
Aruba,ABW,1984,"Population, total",SP.POP.TOTL,64174.0
Aruba,ABW,1983,"Population, total",SP.POP.TOTL,63683.0
Aruba,ABW,1982,"Population, total",SP.POP.TOTL,63116.0
Aruba,ABW,1981,"Population, total",SP.POP.TOTL,62614.0
Aruba,ABW,1980,"Population, total",SP.POP.TOTL,62267.0
Aruba,ABW,1979,"Population, total",SP.POP.TOTL,62006.0
Aruba,ABW,1978,"Population, total",SP.POP.TOTL,61738.0
Aruba,ABW,1977,"Population, total",SP.POP.TOTL,61465.0
Aruba,ABW,1976,"Population, total",SP.POP.TOTL,61193.0
Aruba,ABW,1975,"Population, total",SP.POP.TOTL,60715.0
Aruba,ABW,1974,"Population, total",SP.POP.TOTL,60028.0
Aruba,ABW,1973,"Population, total",SP.POP.TOTL,59365.0
Aruba,ABW,1972,"Population, total",SP.POP.TOTL,58855.0
Aruba,ABW,1971,"Population, total",SP.POP.TOTL,58816.0
Aruba,ABW,1970,"Population, total",SP.POP.TOTL,59106.0
Aruba,ABW,1969,"Population, total",SP.POP.TOTL,59330.0
Aruba,ABW,1968,"Population, total",SP.POP.TOTL,59471.0
Aruba,ABW,1967,"Population, total",SP.POP.TOTL,59522.0
Aruba,ABW,1966,"Population, total",SP.POP.TOTL,59291.0
Aruba,ABW,1965,"Population, total",SP.POP.TOTL,58782.0
Aruba,ABW,1964,"Population, total",SP.POP.TOTL,58178.0
Aruba,ABW,1963,"Population, total",SP.POP.TOTL,57475.0
Aruba,ABW,1962,"Population, total",SP.POP.TOTL,56682.0
Aruba,ABW,1961,"Population, total",SP.POP.TOTL,55811.0
Aruba,ABW,1960,"Population, total",SP.POP.TOTL,54608.0
Aruba,ABW,2022,Urban population growth (annual %),SP.URB.GROW,0.33538082170721
Aruba,ABW,2021,Urban population growth (annual %),SP.URB.GROW,0.342950565482248
Aruba,ABW,2020,Urban population growth (annual %),SP.URB.GROW,0.479957875888498
Aruba,ABW,2019,Urban population growth (annual %),SP.URB.GROW,0.762320962979713
Aruba,ABW,2018,Urban population growth (annual %),SP.URB.GROW,0.765986265121772
Aruba,ABW,2017,Urban population growth (annual %),SP.URB.GROW,0.771898934070187
Aruba,ABW,2016,Urban population growth (annual %),SP.URB.GROW,0.784578492708788
Aruba,ABW,2015,Urban population growth (annual %),SP.URB.GROW,0.793025567597756
Aruba,ABW,2014,Urban population growth (annual %),SP.URB.GROW,0.810669184722173
Aruba,ABW,2013,Urban population growth (annual %),SP.URB.GROW,0.826413457840807
Aruba,ABW,2012,Urban population growth (annual %),SP.URB.GROW,0.849393249627712
Aruba,ABW,2011,Urban population growth (annual %),SP.URB.GROW,0.662063111068539
Aruba,ABW,2010,Urban population growth (annual %),SP.URB.GROW,0.294373510368369
Aruba,ABW,2009,Urban population growth (annual %),SP.URB.GROW,0.402396309678717
Aruba,ABW,2008,Urban population growth (annual %),SP.URB.GROW,0.413382967375507
Aruba,ABW,2007,Urban population growth (annual %),SP.URB.GROW,0.408048969163451
Aruba,ABW,2006,Urban population growth (annual %),SP.URB.GROW,0.367257987480091
Aruba,ABW,2005,Urban population growth (annual %),SP.URB.GROW,0.193588048559493
Aruba,ABW,2004,Urban population growth (annual %),SP.URB.GROW,0.0945693618486456
Aruba,ABW,2003,Urban population growth (annual %),SP.URB.GROW,0.196517211141057
Aruba,ABW,2002,Urban population growth (annual %),SP.URB.GROW,0.401335154395215
Aruba,ABW,2001,Urban population growth (annual %),SP.URB.GROW,0.956373099407145
Aruba,ABW,2000,Urban population growth (annual %),SP.URB.GROW,1.66422212392663
Aruba,ABW,1999,Urban population growth (annual %),SP.URB.GROW,2.0707330715627
Aruba,ABW,1998,Urban population growth (annual %),SP.URB.GROW,2.14509088295812
Aruba,ABW,1997,Urban population growth (annual %),SP.URB.GROW,2.17649059740513
Aruba,ABW,1996,Urban population growth (annual %),SP.URB.GROW,2.17966459030441
Aruba,ABW,1995,Urban population growth (annual %),SP.URB.GROW,2.24728558520586
Aruba,ABW,1994,Urban population growth (annual %),SP.URB.GROW,2.36303027897868
Aruba,ABW,1993,Urban population growth (annual %),SP.URB.GROW,2.21771068148079
Aruba,ABW,1992,Urban population growth (annual %),SP.URB.GROW,2.76475368402437
Aruba,ABW,1991,Urban population growth (annual %),SP.URB.GROW,3.19055692129879
Aruba,ABW,1990,Urban population growth (annual %),SP.URB.GROW,1.6834798317121
Aruba,ABW,1989,Urban population growth (annual %),SP.URB.GROW,0.37901593789191
Aruba,ABW,1988,Urban population growth (annual %),SP.URB.GROW,-0.212795565333216
Aruba,ABW,1987,Urban population growth (annual %),SP.URB.GROW,-0.190822131708551
Aruba,ABW,1986,Urban population growth (annual %),SP.URB.GROW,0.0861326495972091
Aruba,ABW,1985,Urban population growth (annual %),SP.URB.GROW,0.441052453733001
Aruba,ABW,1984,Urban population growth (annual %),SP.URB.GROW,0.738399979463989
Aruba,ABW,1983,Urban population growth (annual %),SP.URB.GROW,0.866320763198559
Aruba,ABW,1982,Urban population growth (annual %),SP.URB.GROW,0.766214787703304
Aruba,ABW,1981,Urban population growth (annual %),SP.URB.GROW,0.52681810195633
Aruba,ABW,1980,Urban population growth (annual %),SP.URB.GROW,0.388956684973281
Aruba,ABW,1979,Urban population growth (annual %),SP.URB.GROW,0.403303792287938
Aruba,ABW,1978,Urban population growth (annual %),SP.URB.GROW,0.414598289490662
Aruba,ABW,1977,Urban population growth (annual %),SP.URB.GROW,0.413090369908494
Aruba,ABW,1976,Urban population growth (annual %),SP.URB.GROW,0.753103604875798
Aruba,ABW,1975,Urban population growth (annual %),SP.URB.GROW,1.10744554389865
Aruba,ABW,1974,Urban population growth (annual %),SP.URB.GROW,1.07987402025453
Aruba,ABW,1973,Urban population growth (annual %),SP.URB.GROW,0.832738955957845
Aruba,ABW,1972,Urban population growth (annual %),SP.URB.GROW,0.0369480883567942
Aruba,ABW,1971,Urban population growth (annual %),SP.URB.GROW,-0.522719324507363
Aruba,ABW,1970,Urban population growth (annual %),SP.URB.GROW,-0.406897803172485
Aruba,ABW,1969,Urban population growth (annual %),SP.URB.GROW,-0.26592224153399
Aruba,ABW,1968,Urban population growth (annual %),SP.URB.GROW,-0.119434690065009
Aruba,ABW,1967,Urban population growth (annual %),SP.URB.GROW,0.358732863284107
Aruba,ABW,1966,Urban population growth (annual %),SP.URB.GROW,0.835370915364582
Aruba,ABW,1965,Urban population growth (annual %),SP.URB.GROW,1.00157648441363
Aruba,ABW,1964,Urban population growth (annual %),SP.URB.GROW,1.18647193196888
Aruba,ABW,1963,Urban population growth (annual %),SP.URB.GROW,1.35704159491957
Aruba,ABW,1962,Urban population growth (annual %),SP.URB.GROW,1.52032913978224
Aruba,ABW,1961,Urban population growth (annual %),SP.URB.GROW,2.14785808691749
Aruba,ABW,2022,Urban population,SP.URB.TOTL,46891.0
Aruba,ABW,2021,Urban population,SP.URB.TOTL,46734.0
Aruba,ABW,2020,Urban population,SP.URB.TOTL,46574.0
Aruba,ABW,2019,Urban population,SP.URB.TOTL,46351.0
Aruba,ABW,2018,Urban population,SP.URB.TOTL,45999.0
Aruba,ABW,2017,Urban population,SP.URB.TOTL,45648.0
Aruba,ABW,2016,Urban population,SP.URB.TOTL,45297.0
Aruba,ABW,2015,Urban population,SP.URB.TOTL,44943.0
Aruba,ABW,2014,Urban population,SP.URB.TOTL,44588.0
Aruba,ABW,2013,Urban population,SP.URB.TOTL,44228.0
Aruba,ABW,2012,Urban population,SP.URB.TOTL,43864.0
Aruba,ABW,2011,Urban population,SP.URB.TOTL,43493.0
Aruba,ABW,2010,Urban population,SP.URB.TOTL,43206.0
Aruba,ABW,2009,Urban population,SP.URB.TOTL,43079.0
Aruba,ABW,2008,Urban population,SP.URB.TOTL,42906.0
Aruba,ABW,2007,Urban population,SP.URB.TOTL,42729.0
Aruba,ABW,2006,Urban population,SP.URB.TOTL,42555.0
Aruba,ABW,2005,Urban population,SP.URB.TOTL,42399.0
Aruba,ABW,2004,Urban population,SP.URB.TOTL,42317.0
Aruba,ABW,2003,Urban population,SP.URB.TOTL,42277.0
Aruba,ABW,2002,Urban population,SP.URB.TOTL,42194.0
Aruba,ABW,2001,Urban population,SP.URB.TOTL,42025.0
Aruba,ABW,2000,Urban population,SP.URB.TOTL,41625.0
Aruba,ABW,1999,Urban population,SP.URB.TOTL,40938.0
Aruba,ABW,1998,Urban population,SP.URB.TOTL,40099.0
Aruba,ABW,1997,Urban population,SP.URB.TOTL,39248.0
Aruba,ABW,1996,Urban population,SP.URB.TOTL,38403.0
Aruba,ABW,1995,Urban population,SP.URB.TOTL,37575.0
Aruba,ABW,1994,Urban population,SP.URB.TOTL,36740.0
Aruba,ABW,1993,Urban population,SP.URB.TOTL,35882.0
Aruba,ABW,1992,Urban population,SP.URB.TOTL,35095.0
Aruba,ABW,1991,Urban population,SP.URB.TOTL,34138.0
Aruba,ABW,1990,Urban population,SP.URB.TOTL,33066.0
Aruba,ABW,1989,Urban population,SP.URB.TOTL,32514.0
Aruba,ABW,1988,Urban population,SP.URB.TOTL,32391.0
Aruba,ABW,1987,Urban population,SP.URB.TOTL,32460.0
Aruba,ABW,1986,Urban population,SP.URB.TOTL,32522.0
Aruba,ABW,1985,Urban population,SP.URB.TOTL,32494.0
Aruba,ABW,1984,Urban population,SP.URB.TOTL,32351.0
Aruba,ABW,1983,Urban population,SP.URB.TOTL,32113.0
Aruba,ABW,1982,Urban population,SP.URB.TOTL,31836.0
Aruba,ABW,1981,Urban population,SP.URB.TOTL,31593.0
Aruba,ABW,1980,Urban population,SP.URB.TOTL,31427.0
Aruba,ABW,1979,Urban population,SP.URB.TOTL,31305.0
Aruba,ABW,1978,Urban population,SP.URB.TOTL,31179.0
Aruba,ABW,1977,Urban population,SP.URB.TOTL,31050.0
Aruba,ABW,1976,Urban population,SP.URB.TOTL,30922.0
Aruba,ABW,1975,Urban population,SP.URB.TOTL,30690.0
Aruba,ABW,1974,Urban population,SP.URB.TOTL,30352.0
Aruba,ABW,1973,Urban population,SP.URB.TOTL,30026.0
Aruba,ABW,1972,Urban population,SP.URB.TOTL,29777.0
Aruba,ABW,1971,Urban population,SP.URB.TOTL,29766.0
Aruba,ABW,1970,Urban population,SP.URB.TOTL,29922.0
Aruba,ABW,1969,Urban population,SP.URB.TOTL,30044.0
Aruba,ABW,1968,Urban population,SP.URB.TOTL,30124.0
Aruba,ABW,1967,Urban population,SP.URB.TOTL,30160.0
Aruba,ABW,1966,Urban population,SP.URB.TOTL,30052.0
Aruba,ABW,1965,Urban population,SP.URB.TOTL,29802.0
Aruba,ABW,1964,Urban population,SP.URB.TOTL,29505.0
Aruba,ABW,1963,Urban population,SP.URB.TOTL,29157.0
Aruba,ABW,1962,Urban population,SP.URB.TOTL,28764.0
Aruba,ABW,1961,Urban population,SP.URB.TOTL,28330.0
Aruba,ABW,1960,Urban population,SP.URB.TOTL,27728.0
Aruba,ABW,2022,Urban population (% of total population),SP.URB.TOTL.IN.ZS,44.052
Aruba,ABW,2021,Urban population (% of total population),SP.URB.TOTL.IN.ZS,43.866
Aruba,ABW,2020,Urban population (% of total population),SP.URB.TOTL.IN.ZS,43.697
Aruba,ABW,2019,Urban population (% of total population),SP.URB.TOTL.IN.ZS,43.546
Aruba,ABW,2018,Urban population (% of total population),SP.URB.TOTL.IN.ZS,43.411
Aruba,ABW,2017,Urban population (% of total population),SP.URB.TOTL.IN.ZS,43.293
Aruba,ABW,2016,Urban population (% of total population),SP.URB.TOTL.IN.ZS,43.192
Aruba,ABW,2015,Urban population (% of total population),SP.URB.TOTL.IN.ZS,43.108
Aruba,ABW,2014,Urban population (% of total population),SP.URB.TOTL.IN.ZS,43.041
Aruba,ABW,2013,Urban population (% of total population),SP.URB.TOTL.IN.ZS,42.99
Aruba,ABW,2012,Urban population (% of total population),SP.URB.TOTL.IN.ZS,42.957
Aruba,ABW,2011,Urban population (% of total population),SP.URB.TOTL.IN.ZS,42.94
Aruba,ABW,2010,Urban population (% of total population),SP.URB.TOTL.IN.ZS,43.059
Aruba,ABW,2009,Urban population (% of total population),SP.URB.TOTL.IN.ZS,43.421
Aruba,ABW,2008,Urban population (% of total population),SP.URB.TOTL.IN.ZS,43.783
Aruba,ABW,2007,Urban population (% of total population),SP.URB.TOTL.IN.ZS,44.147
Aruba,ABW,2006,Urban population (% of total population),SP.URB.TOTL.IN.ZS,44.511
Aruba,ABW,2005,Urban population (% of total population),SP.URB.TOTL.IN.ZS,44.875
Aruba,ABW,2004,Urban population (% of total population),SP.URB.TOTL.IN.ZS,45.24
Aruba,ABW,2003,Urban population (% of total population),SP.URB.TOTL.IN.ZS,45.606
Aruba,ABW,2002,Urban population (% of total population),SP.URB.TOTL.IN.ZS,45.972
Aruba,ABW,2001,Urban population (% of total population),SP.URB.TOTL.IN.ZS,46.339
Aruba,ABW,2000,Urban population (% of total population),SP.URB.TOTL.IN.ZS,46.717
Aruba,ABW,1999,Urban population (% of total population),SP.URB.TOTL.IN.ZS,47.127
Aruba,ABW,1998,Urban population (% of total population),SP.URB.TOTL.IN.ZS,47.536
Aruba,ABW,1997,Urban population (% of total population),SP.URB.TOTL.IN.ZS,47.946
Aruba,ABW,1996,Urban population (% of total population),SP.URB.TOTL.IN.ZS,48.356
Aruba,ABW,1995,Urban population (% of total population),SP.URB.TOTL.IN.ZS,48.767
Aruba,ABW,1994,Urban population (% of total population),SP.URB.TOTL.IN.ZS,49.177
Aruba,ABW,1993,Urban population (% of total population),SP.URB.TOTL.IN.ZS,49.588
Aruba,ABW,1992,Urban population (% of total population),SP.URB.TOTL.IN.ZS,49.998
Aruba,ABW,1991,Urban population (% of total population),SP.URB.TOTL.IN.ZS,50.304
Aruba,ABW,1990,Urban population (% of total population),SP.URB.TOTL.IN.ZS,50.319
Aruba,ABW,1989,Urban population (% of total population),SP.URB.TOTL.IN.ZS,50.335
Aruba,ABW,1988,Urban population (% of total population),SP.URB.TOTL.IN.ZS,50.35
Aruba,ABW,1987,Urban population (% of total population),SP.URB.TOTL.IN.ZS,50.365
Aruba,ABW,1986,Urban population (% of total population),SP.URB.TOTL.IN.ZS,50.38
Aruba,ABW,1985,Urban population (% of total population),SP.URB.TOTL.IN.ZS,50.395
Aruba,ABW,1984,Urban population (% of total population),SP.URB.TOTL.IN.ZS,50.411
Aruba,ABW,1983,Urban population (% of total population),SP.URB.TOTL.IN.ZS,50.426
Aruba,ABW,1982,Urban population (% of total population),SP.URB.TOTL.IN.ZS,50.441
Aruba,ABW,1981,Urban population (% of total population),SP.URB.TOTL.IN.ZS,50.456
Aruba,ABW,1980,Urban population (% of total population),SP.URB.TOTL.IN.ZS,50.472
Aruba,ABW,1979,Urban population (% of total population),SP.URB.TOTL.IN.ZS,50.487
Aruba,ABW,1978,Urban population (% of total population),SP.URB.TOTL.IN.ZS,50.502
Aruba,ABW,1977,Urban population (% of total population),SP.URB.TOTL.IN.ZS,50.517
Aruba,ABW,1976,Urban population (% of total population),SP.URB.TOTL.IN.ZS,50.532
Aruba,ABW,1975,Urban population (% of total population),SP.URB.TOTL.IN.ZS,50.548
Aruba,ABW,1974,Urban population (% of total population),SP.URB.TOTL.IN.ZS,50.563
Aruba,ABW,1973,Urban population (% of total population),SP.URB.TOTL.IN.ZS,50.578
Aruba,ABW,1972,Urban population (% of total population),SP.URB.TOTL.IN.ZS,50.593
Aruba,ABW,1971,Urban population (% of total population),SP.URB.TOTL.IN.ZS,50.609
Aruba,ABW,1970,Urban population (% of total population),SP.URB.TOTL.IN.ZS,50.624
Aruba,ABW,1969,Urban population (% of total population),SP.URB.TOTL.IN.ZS,50.639
Aruba,ABW,1968,Urban population (% of total population),SP.URB.TOTL.IN.ZS,50.654
Aruba,ABW,1967,Urban population (% of total population),SP.URB.TOTL.IN.ZS,50.67
Aruba,ABW,1966,Urban population (% of total population),SP.URB.TOTL.IN.ZS,50.685
Aruba,ABW,1965,Urban population (% of total population),SP.URB.TOTL.IN.ZS,50.7
Aruba,ABW,1964,Urban population (% of total population),SP.URB.TOTL.IN.ZS,50.715
Aruba,ABW,1963,Urban population (% of total population),SP.URB.TOTL.IN.ZS,50.73
Aruba,ABW,1962,Urban population (% of total population),SP.URB.TOTL.IN.ZS,50.746
Aruba,ABW,1961,Urban population (% of total population),SP.URB.TOTL.IN.ZS,50.761
Aruba,ABW,1960,Urban population (% of total population),SP.URB.TOTL.IN.ZS,50.776
